modul,anahtar,yer_tutucular,turkce_kaynak,ar_mevcut,ar_duzeltme,not
aidat,aidatBakiye,,Bakiye,الرصيد,,
aidat,aidatBaslik,,Aidatım,رسومي,,
aidat,aidatBorcVar,,Borç var,يوجد دين,,
aidat,aidatBorcYok,,Borç yok,لا يوجد دين,,
aidat,aidatDaireYok,,Üzerinize kayıtlı daire bulunamadı. Yönetiminizle iletişime geçin.,لا توجد وحدة مسجّلة باسمك. تواصل مع الإدارة.,,
aidat,aidatDurumBasarili,,Başarılı,ناجح,,
aidat,aidatDurumIptal,,İptal,ملغى,,
aidat,aidatHesapSatiri,"tahakkuk,odenen,bakiye",Tahakkuk {tahakkuk} - ödenen {odenen} = {bakiye},المستحق {tahakkuk} - المدفوع {odenen} = {bakiye},,
aidat,aidatMakbuz,,Makbuz: {no},الإيصال: {no},,
aidat,aidatOdemeDurumuNotu,,Ödeme durumu yalnızca ödeme sağlayıcısından gelen onayla güncellenir; sorularınız için yönetiminize başvurun.,تُحدَّث حالة الدفع فقط بتأكيد من مزوّد الدفع؛ راجع الإدارة لأي أسئلة.,,
aidat,aidatOdemeler,n,Ödemeler ({n}),"{n, plural, zero{المدفوعات ({n})} one{دفعة ({n})} two{دفعتان ({n})} few{مدفوعات ({n})} many{مدفوعات ({n})} other{مدفوعات ({n})}}",,
aidat,aidatSonOdeme,,Son ödeme: {tarih},آخر موعد للدفع: {tarih},,
aidat,aidatTahakkuklar,n,Tahakkuklar ({n}),"{n, plural, zero{الاستحقاقات ({n})} one{استحقاق ({n})} two{استحقاقان ({n})} few{استحقاقات ({n})} many{استحقاقات ({n})} other{استحقاقات ({n})}}",,
aidat,aidatToplamBakiye,,Toplam bakiye (tüm daireler),الرصيد الإجمالي (كل الوحدات),,
aidat,aidatToplamOdenen,,Toplam ödenen,إجمالي المدفوع,,
aidat,aidatToplamTahakkuk,,Toplam tahakkuk,إجمالي المستحق,,
aidat,aidatYetkiYok,,Aidat bilgisi yalnızca site sakini hesabına açıktır.,معلومات الرسوم متاحة لحسابات السكان فقط.,,
aidat,aidatYontemDiger,,Diğer,أخرى,,
aidat,aidatYontemElden,,Elden,نقداً,,
aidat,aidatYontemHavale,,Havale/EFT,حوالة بنكية,,
aidat,aidatYontemKart,,Kart,بطاقة,,
akis,akisAidatOdemesi,,Aidat Ödemesi,دفع الرسوم,,
akis,akisAlarmEksikCheckpoint,,Eksik Kontrol Noktası,نقطة تفتيش ناقصة,,
akis,akisAlarmGecikmisOkutma,,Gecikmiş Okutma,مسح متأخر,,
akis,akisAlarmKacirilanTur,,Kaçırılan Tur,جولة فائتة,,
akis,akisAltAdDaire,"ad,daire",{ad} — Daire {daire},{ad} — الوحدة {daire},,
akis,akisAltDaireKategori,"daire,kategori",Daire {daire} — {kategori},الوحدة {daire} — {kategori},,
akis,akisAltDaireTutar,"daire,tutar",Daire {daire} — {tutar},الوحدة {daire} — {tutar},,
akis,akisAltMetinKonum,"metin,konum",{metin} — {konum},{metin} — {konum},,
akis,akisAltPlakaDaire,"plaka,daire",{plaka} — Daire {daire},{plaka} — الوحدة {daire},,
akis,akisAltPlakaDaireTanim,"plaka,daire,tanim",{plaka} — Daire {daire} ({tanim}),{plaka} — الوحدة {daire} ({tanim}),,
akis,akisAltPlakaTanim,"plaka,tanim",{plaka} ({tanim}),{plaka} ({tanim}),,
akis,akisAltPlanAralik,"plan,aralik",{plan} · {aralik},{plan} · {aralik},,
akis,akisAracCikisi,,Araç Çıkışı,خروج مركبة,,
akis,akisAracGirisi,,Araç Girişi,دخول مركبة,,
akis,akisDaireSikayeti,,Daire Şikayeti,شكوى بشأن وحدة,,
akis,akisDevriyeOkutma,,Devriye Okutması,مسح الدورية,,
akis,akisGorevTamamlandi,,Görev Tamamlandı,اكتملت المهمة,,
akis,akisIhlalKaydi,,İhlal Kaydı,سجل مخالفة,,
akis,akisKargoKaydedildi,,Kargo Kaydedildi,تم تسجيل الطرد,,
akis,akisKargoTeslimEdildi,,Kargo Teslim Edildi,تم تسليم الطرد,,
akis,akisTalepAcildi,,Talep Açıldı,تم فتح الطلب,,
akis,akisTalepCozuldu,,Talep Çözüldü,تم حل الطلب,,
akis,akisTalepIsEmri,,Talep İş Emrine Dönüştü,تحوّل الطلب إلى أمر عمل,,
akis,akisTalepReddedildi,,Talep Reddedildi,تم رفض الطلب,,
akis,akisZiyaretciCikisi,,Ziyaretçi Çıkışı,خروج زائر,,
akis,akisZiyaretciGirisi,,Ziyaretçi Girişi,دخول زائر,,
ana,anaAidatKaydiYok,,Aidat kaydı bulunamadı,لا يوجد سجل رسوم,,
ana,anaBildirimlerRolYok,,Bildirimler bu rolde kullanılamıyor,الإشعارات غير متاحة لهذا الدور,,
ana,anaBildirimlerYakinda,,Bildirimler yakında,الإشعارات قريباً,,
ana,anaBorcVar,,Borç Var,يوجد مستحق,,
ana,anaBorcYok,,Borç Yok,لا مستحقات,,
ana,anaBuAykiAidat,,Bu Ayki Aidat,رسوم هذا الشهر,,
ana,anaDaireAltBaslik,"daireler,rol",Daire {daireler}  •  {rol},شقة {daireler}  •  {rol},,
ana,anaDun,,Dün,أمس,,
ana,anaEtkinlikSuruyor,,Sürüyor,جارٍ,,
ana,anaEtkinlikYaklasan,,Yaklaşan,قادم,,
ana,anaGecmisOdemeler,,Geçmiş Ödemeler,سجل المدفوعات,,
ana,anaGelecekOdeme,,Gelecek Ödeme,الدفعة القادمة,,
ana,anaKarsilama,ad,"Merhaba, {ad}",مرحبًا، {ad},,
ana,anaOdendi,,Ödendi,مدفوع,,
ana,anaOdenmedi,,Ödenmedi,غير مدفوع,,
ana,anaOnline,,Online,متصل,,
ana,anaRaporlarYakinda,,Raporlar yakında,التقارير قريباً,,
ana,anaSelam,,"Merhaba, {ad}",مرحباً، {ad},,
ana,anaSonOdemeTarih,,Son Ödeme: {tarih},آخر دفعة: {tarih},,
ana,anaVardiyaAktif,,Aktif,نشطة,,
ana,anaVardiyaPlanlandi,,Planlandı,مجدولة,,
ana,anaYoneticiPaneli,,Yönetici Paneli,لوحة الإدارة,,
arac,aracAramaBos,,Bu plakayla eşleşen geçiş yok,لا توجد حركة مطابقة لهذه اللوحة,,
arac,aracCikisOnayBaslik,,Çıkış verilsin mi?,هل تُسجَّل مغادرة المركبة؟,,
arac,aracCikisVer,,Çıkış ver,تسجيل الخروج,,
arac,aracCikisVerildi,,Çıkış kaydedildi,تم تسجيل الخروج,,
arac,aracCikisZamani,zaman,Çıkış: {zaman},الخروج: {zaman},,
arac,aracDaire,no,Daire {no},الشقة {no},,
arac,aracDaireAlani,,Daire no (isteğe bağlı),رقم الشقة (اختياري),,
arac,aracErisimYok,,Araç geçiş listesi yalnız yönetim ve güvenlik içindir,قائمة مرور المركبات مخصّصة للإدارة والأمن فقط,,
arac,aracGirisKaydedildi,,Araç girişi kaydedildi,تم تسجيل دخول المركبة,,
arac,aracGirisZamani,zaman,Giriş: {zaman},الدخول: {zaman},,
arac,aracKaydeden,ad,Kaydeden: {ad},سجّلها: {ad},,
arac,aracListeBos,,Kayıtlı araç geçişi yok,لا توجد حركات مرور مسجّلة,,
arac,aracPlaka,,Plaka,اللوحة,,
arac,aracPlakaAra,,Plaka ara,البحث عن لوحة,,
arac,aracPlakaZorunlu,,Plaka zorunlu,اللوحة مطلوبة,,
arac,aracRozetCikti,,Çıktı,غادرت,,
arac,aracRozetIceride,,İçeride,بالداخل,,
arac,aracRozetZiyaretci,,Ziyaretçi,زائر,,
arac,aracSuzgecCikmis,,Çıkmış,غادرت,,
arac,aracSuzgecIceride,,İçeride,بالداخل,,
arac,aracSuzgecTumu,,Tümü,الكل,,
arac,aracTanimAlani,,Araç tanımı (isteğe bağlı),وصف المركبة (اختياري),,
arac,aracYeniGiris,,Yeni giriş,دخول جديد,,
arac,aracZatenIceride,,Bu plakanın açık geçişi zaten var (araç içeride),لهذه اللوحة حركة مفتوحة بالفعل (المركبة بالداخل),,
arac,aracZatenKapali,,Bu geçiş zaten kapatılmış,تم إغلاق هذه الحركة مسبقًا,,
arac,aracZiyaretciMi,,Ziyaretçi aracı,مركبة زائر,,
arama,aramaBaslatilamadi,,Arama başlatılamadı,تعذّر بدء الاتصال,,
arama,aramaYapilamiyor,,Aranamıyor,غير قابل للاتصال,,
ayarlar,ayarlarBaslik,,Ayarlar,الإعدادات,,
ayarlar,ayarlarDil,,Dil / Language,اللغة / Language,,
ayarlar,ayarlarGorunum,,Görünüm,المظهر,,
ayarlar,ayarlarKameralar,,Kameralar,الكاميرات,,
ayarlar,ayarlarKameralarAlt,,"Kamera ekle, düzenle, sil",إضافة الكاميرات وتعديلها وحذفها,,
ayarlar,ayarlarTema,,Tema,السمة,,
ayarlar,ayarlarTemaAcik,,Açık,فاتح,,
ayarlar,ayarlarTemaAciklama,,Koyu tema tüm ekranlarda uygulanır; sistem seçilirse cihaz ayarını izler.,تُطبَّق السمة الداكنة على جميع الشاشات؛ وخيار «النظام» يتبع إعداد الجهاز.,,
ayarlar,ayarlarTemaKoyu,,Koyu,داكن,,
ayarlar,ayarlarTemaSistem,,Sistem,النظام,,
ayarlar,ayarlarTesis,,Tesis,المنشأة,,
ayarlar,ayarlarTesisAdi,,Tesis adı,اسم المنشأة,,
ayarlar,ayarlarTesisAdiAciklama,,Ana ekranda ve raporlarda görünen ad.,الاسم الذي يظهر في الشاشة الرئيسية والتقارير.,,
ayarlar,ayarlarTesisAdiGuncellendi,,Tesis adı güncellendi,تم تحديث اسم المنشأة,,
ayarlar,ayarlarYonetim,,Yönetim,الإدارة,,
bildirim,bildirimYeniPush,,Yeni bildirim,إشعار جديد,,
bildirim,bildirimYok,,Bildirim yok,لا توجد إشعارات,,
bildirim,bildirimYuklenemedi,,"Bildirimler yüklenemedi.
{hata}","تعذّر تحميل الإشعارات.
{hata}",,
bina,binaAtlananEk,," ({n} zaten vardı, atlandı)", ({n} موجودة مسبقاً، تم تخطيها),,
bina,binaBaslangicNo,,Başlangıç no,رقم البداية,,
bina,binaBaslangicNoIpucu,,örn. 101,مثال: ١٠١,,
bina,binaBloguSil,,Bloğu sil,حذف المبنى,,
bina,binaBloguSilAlt,n,{n} daire ile birlikte silinir (onay gerekir),"{n, plural, zero{يُحذف (يلزم تأكيد)} one{يُحذف مع وحدة واحدة (يلزم تأكيد)} two{يُحذف مع وحدتين (يلزم تأكيد)} few{يُحذف مع {n} وحدات (يلزم تأكيد)} many{يُحذف مع {n} وحدة (يلزم تأكيد)} other{يُحذف مع {n} وحدة (يلزم تأكيد)}}",,
bina,binaBlokAtanmamis,,Blok atanmamış,لم يُعيَّن مبنى,,
bina,binaBlokDuzenle,,Blok düzenle,تعديل المبنى,,
bina,binaBlokDuzenleBaslik,,Blok {ad} — düzenle,المبنى {ad} — تعديل,,
bina,binaBlokEtiket,,Blok {ad},المبنى {ad},,
bina,binaBlokEtiketi,,Blok etiketi,رمز المبنى,,
bina,binaBlokEtiketiGerekli,,"Blok etiketi gerekli (örn. A, B1).",مطلوب رمز المبنى (مثال: A، B1).,,
bina,binaBlokEtiketiYardim,,"Kısa alfanumerik (örn. A, B1) — tire yok",أحرف وأرقام قصيرة (مثال: A، B1) — بدون شرطة,,
bina,binaBlokEtiketiZatenVar,,Bu blok etiketi zaten kayıtlı.,رمز المبنى هذا مسجّل بالفعل.,,
bina,binaBlokSilindi,,Blok {ad} silindi.,تم حذف المبنى {ad}.,,
bina,binaBlokSilinemedi,,Blok silinemedi: {hata},تعذّر حذف المبنى: {hata},,
bina,binaBlokSilinemediGenel,,Blok silinemedi. Lütfen tekrar deneyin.,تعذّر حذف المبنى. حاول مرة أخرى.,,
bina,binaBlokSilinsinMi,,Blok {ad} silinsin mi?,هل يُحذف المبنى {ad}؟,,
bina,binaBlokTile,,Blok,مبنى,,
bina,binaBlokVeDaireSilindi,"ad,n",Blok {ad} ve {n} daire silindi.,تم حذف المبنى {ad} و{n} وحدة.,,
bina,binaBlokYerlesimSalt,,Blok {ad} — kat ve daire yerleşimi (salt görüntüleme).,المبنى {ad} — توزيع الطوابق والوحدات (للعرض فقط).,,
bina,binaBlokYerlesimYardim,,"Blok {ad} — kat ekleyip her katın ""+"" düğmesiyle daire ekleyin. Aynı kattakiler yan yana dizilir.","المبنى {ad} — أضف طوابق ثم أضف وحدات بزر ""+"" لكل طابق. تُصفّ وحدات الطابق نفسه جنباً إلى جنب.",,
bina,binaBloksuz,,Bloksuz,بدون مبنى,,
bina,binaBloksuzDairelerSalt,,Bloğa atanmamış daireler (salt görüntüleme).,وحدات غير معيَّنة لمبنى (للعرض فقط).,,
bina,binaBloksuzUyari,,"Bu daireler bir bloğa atanmamış (eski kayıtlar). Görüntülenir, düzenlenip silinebilir; yeni daire için bir blok seçin/oluşturun.",هذه الوحدات غير معيَّنة لمبنى (سجلات قديمة). تُعرض ويمكن تعديلها أو حذفها؛ لوحدة جديدة اختر مبنى أو أنشئه.,,
bina,binaBloktaDaireYok,,Bu blokta henüz daire yok.,لا توجد وحدات في هذا المبنى بعد.,,
bina,binaDaireDuzenleBaslik,,Daire {no} — düzenle,الوحدة {no} — تعديل,,
bina,binaDaireEklendi,"n,ek",{n} daire eklendi ✓{ek},تمت إضافة {n} وحدة ✓{ek},,
bina,binaDaireNo,,Daire no,رقم الوحدة,,
bina,binaDaireNoGerekli,,"Daire no gerekli (örn. A-12, 12).",مطلوب رقم الوحدة (مثال: A-12، 12).,,
bina,binaDaireNoYardim,,"Alfanumerik + tire (örn. A-12, B3, 12)",أحرف وأرقام + شرطة (مثال: A-12، B3، 12),,
bina,binaDaireNoZatenVar,,Bu daire no zaten kayıtlı.,رقم الوحدة هذا مسجّل بالفعل.,,
bina,binaDaireSayisi,n,{n} daire,"{n, plural, zero{لا وحدات} one{وحدة واحدة} two{وحدتان} few{{n} وحدات} many{{n} وحدة} other{{n} وحدة}}",,
bina,binaDaireleriOlustur,,Daireleri oluştur,إنشاء الوحدات,,
bina,binaDuzenlemeAciklama,,"Blok ekleyin, kutucuğa dokunup içine kat ve daire yerleştirin. Her daire bir bloğa bağlanır. Şikayet Haritası bu yapıyı yansıtır.",أضف مبنى، ثم اضغط على المربّع وضع الطوابق والوحدات داخله. كل وحدة مرتبطة بمبنى. تعكس خريطة الشكاوى هذا الهيكل.,,
bina,binaDuzenlemeBaslik,,Bina Düzenleme,تخطيط المبنى,,
bina,binaEklenemedi,,Eklenemedi. Tekrar deneyin.,تعذّرت الإضافة. حاول مرة أخرى.,,
bina,binaEnFazla500,,En fazla 500 daire (şu an {n}).,٥٠٠ وحدة كحد أقصى (حالياً {n}).,,
bina,binaKaliciSilmeUyari,,"Bu blok ve içindeki {n} daire; aidat, ziyaretçi, kargo, rezervasyon ve şikayet kayıtlarıyla birlikte KALICI olarak silinecek. Bu işlem geri alınamaz.",سيُحذف هذا المبنى و{n} وحدة داخله نهائياً مع سجلات الرسوم والزوار والشحنات والحجوزات والشكاوى. لا يمكن التراجع عن هذه العملية.,,
bina,binaKat,,Kat,الطابق,,
bina,binaKatBasinaDaire,,Kat başına daire,وحدات لكل طابق,,
bina,binaKatEkle,,Kat ekle,إضافة طابق,,
bina,binaKatEtiket,,Kat {kat},الطابق {kat},,
bina,binaKatSayisi,,Kat sayısı,عدد الطوابق,,
bina,binaKatSiraTamSayi,,Kat ve sıra tam sayı olmalı.,يجب أن يكون الطابق والترتيب أعداداً صحيحة.,,
bina,binaKatYardim,,0 = zemin,٠ = الطابق الأرضي,,
bina,binaKatYok,,Kat yok,بدون طابق,,
bina,binaKatYokBos,,"Henüz kat yok. ""Kat ekle"" ile başlayın, sonra kattaki ""+"" ile daire ekleyin.","لا توجد طوابق بعد. ابدأ بـ ""إضافة طابق""، ثم أضف وحدات بـ ""+"" في الطابق.",,
bina,binaKaydedilemedi,,Kaydedilemedi. Lütfen tekrar deneyin.,تعذّر الحفظ. حاول مرة أخرى.,,
bina,binaKayitsiz,,kayıtsız,غير مسجّل,,
bina,binaOnayIcinBlokAdi,,Onaylamak için blok adını yazın,اكتب اسم المبنى للتأكيد,,
bina,binaSaltGoruntulemeAciklama,,Bina yapısı (salt görüntüleme). Blok kutucuğuna dokunup kat ve daire yerleşimini görebilirsiniz.,هيكل المبنى (للعرض فقط). اضغط على مربّع المبنى لرؤية توزيع الطوابق والوحدات.,,
bina,binaSilNDaire,,Sil ({n} daire),حذف ({n} وحدة),,
bina,binaSilinemedi,,Silinemedi. Lütfen tekrar deneyin.,تعذّر الحذف. حاول مرة أخرى.,,
bina,binaSira,,Sıra,الترتيب,,
bina,binaSiraYardim,,Kattaki konum,الموضع في الطابق,,
bina,binaTekSeferde500,,Tek seferde en fazla 500 daire.,٥٠٠ وحدة كحد أقصى في المرة.,,
bina,binaTopluAciklama,,"Numaralar başlangıçtan itibaren ardışık, kat kat dolar. Var olanlar atlanır.",تتسلسل الأرقام من البداية وتُملأ طابقاً بطابق. تُتخطّى الأرقام الموجودة.,,
bina,binaTopluAlanlarGerekli,,"Kat sayısı, kat başına daire ve başlangıç no gerekli.",مطلوب عدد الطوابق وعدد الوحدات لكل طابق ورقم البداية.,,
bina,binaTopluBaslik,,Toplu daire ekle — Blok {blok},إضافة وحدات بالجملة — المبنى {blok},,
bina,binaTopluBaslikBloksuz,,Toplu daire ekle — Bloksuz,إضافة وحدات بالجملة — بدون مبنى,,
bina,binaTopluDaireEkle,,Toplu daire ekle,إضافة وحدات بالجملة,,
bina,binaTopluOnizleme,"bas,bitis,toplam,kat,adet","{bas} … {bitis}  ({toplam} daire, {kat} kat × {adet})",{bas} … {bitis}  ({toplam} وحدة، {kat} طابق × {adet}),,
bina,binaYeniBlok,,Yeni blok,مبنى جديد,,
bina,binaYeniDaire,,Yeni daire · {blok},وحدة جديدة · {blok},,
bolum,bolumDuyurular,,Duyurular,الإعلانات,,
bolum,bolumEtkinlikler,,Etkinlikler,الأنشطة,,
bolum,bolumHizliOzet,,Hızlı Özet,ملخص سريع,,
bolum,bolumOdemeAidat,,Ödeme ve Aidat Durumu,المدفوعات والرسوم,,
bolum,bolumSiteKurallari,,Site Kuralları,قواعد المجمع,,
bolum,bolumSonHareketler,,Son Hareketler,آخر الأنشطة,,
bolum,bolumTumModuller,,Tüm Modüller,جميع الوحدات,,
bolum,bolumVardiyaDurumu,,Vardiya Durumu,حالة الورديات,,
but,butAdZorunlu,,Ad zorunludur,الاسم مطلوب,,
but,butAidatTahsilati,,Aidat tahsilatı,تحصيل الرسوم,,
but,butBaslik,,Bütçe,الميزانية,,
but,butBeklenmeyenKisa,,Beklenmeyen bir hata oluştu. Tekrar deneyin.,حدث خطأ غير متوقع. حاول مرة أخرى.,,
but,butDonem,,Dönem,الفترة,,
but,butEnYuksekGiderler,,En yüksek giderler,أكبر المصروفات,,
but,butFinansalOzet,,Finansal özet,الملخص المالي,,
but,butGeciken,,Geciken,متأخر,,
but,butGelir,,Gelir,الإيرادات,,
but,butGider,,Gider,المصروفات,,
but,butHareketYok,,Henüz hareket yok.,لا توجد حركات بعد.,,
but,butKasa,,Kasa,الرصيد,,
but,butKategori,,Kategori,الفئة,,
but,butKategoriAdi,,Kategori adı,اسم الفئة,,
but,butKategoriAdiIpucu,,örn. Bahçe bakımı,مثال: صيانة الحديقة,,
but,butKategoriKirilimi,,Kategori kırılımı,التوزيع حسب الفئة,,
but,butKategoriSecin,,Kategori seçin,اختر فئة,,
but,butKategoriTip,"ad,tip",{ad} ({tip}),{ad} ({tip}),,
but,butKategoriToplamlari,,Kategori toplamları,مجاميع الفئات,,
but,butKategoriYok,,Henüz kategori yok.,لا توجد فئات بعد.,,
but,butOtomatik,,Otomatik,تلقائي,,
but,butPasifEki,, · pasif (yeni kayıt kapalı), · غير نشط (لا قيود جديدة),,
but,butSeffaflikNotu,,Bu ekran site yönetiminin gelir ve giderlerini şeffaflık amacıyla özet olarak gösterir. Kişi ve daire bazlı detaylar görüntülenmez; sorularınız için yönetiminize başvurun.,تعرض هذه الشاشة إيرادات ومصروفات إدارة الموقع كملخص بهدف الشفافية. لا تُعرض التفاصيل على مستوى الأشخاص والوحدات؛ راجع الإدارة لأي أسئلة.,,
but,butSekmeHareketler,,Hareketler,الحركات,,
but,butSekmeKategoriler,,Kategoriler,الفئات,,
but,butSekmeOzet,,Özet,الملخص,,
but,butSiteBaslik,,Site Bütçesi,ميزانية الموقع,,
but,butTahakkuk,,Tahakkuk,المستحق,,
but,butTahakkukYok,,Bu dönem için tahakkuk kaydı yok.,لا توجد استحقاقات مسجّلة لهذه الفترة.,,
but,butTahsilat,,Tahsilat,المُحصّل,,
but,butTahsilatYuzde,,Tahsilat %{yuzde},التحصيل {yuzde}٪,,
but,butTarih,,Tarih: {tarih},التاريخ: {tarih},,
but,butTumZamanlar,,Tüm zamanlar,كل الأوقات,,
but,butTutar,,Tutar (TL),المبلغ (ليرة),,
but,butTutarGecersiz,,"Geçerli bir tutar girin (örn. 1.250,50)","أدخل مبلغاً صحيحاً (مثال: 1.250,50)",,
but,butTutarIpucu,,"örn. 1.250,50","مثال: 1.250,50",,
but,butYeniHareket,,Yeni hareket,حركة جديدة,,
but,butYeniKategori,,Yeni kategori,فئة جديدة,,
ceviri,ceviriCeviriyiGor,,Çeviriyi gör,عرض الترجمة,,
ceviri,ceviriHazirlaniyor,,Çeviri hazırlanıyor — orijinal gösteriliyor,جارٍ إعداد الترجمة — يتم عرض النص الأصلي,,
ceviri,ceviriHazirlaniyorKisa,,Çeviri hazırlanıyor,جارٍ الترجمة,,
ceviri,ceviriOrijinaliGor,,Orijinali gör,عرض النص الأصلي,,
ceviri,ceviriOtomatik,,Bu içerik otomatik çevrilmiştir,تمت ترجمة هذا المحتوى تلقائيًا,,
ceviri,ceviriOtomatikKisa,,Otomatik çeviri,ترجمة تلقائية,,
ceviri,ceviriYapilamadi,,Çeviri yapılamadı — orijinal gösteriliyor,تعذّرت الترجمة — يتم عرض النص الأصلي,,
ceviri,ceviriYapilamadiKisa,,Çeviri yapılamadı,تعذّرت الترجمة,,
cip,cipAktif,,Aktif,نشطة,,
cip,cipYeni,,Yeni,جديد,,
dem,demAldi,"ad,zaman",{ad} aldı — {zaman} (hala üzerinde),أخذه {ad} — {zaman} (لا يزال بحوزته),,
dem,demAldiBirakti,"ad,alma,birakma",{ad} · {alma} → {birakma},{ad} · {alma} → {birakma},,
dem,demAldin,"zaman,sure",Aldın: {zaman} ({sure}),أُخذ: {zaman} ({sure}),,
dem,demBakimda,,Bakımda — şu an zimmetlenemez.,تحت الصيانة — لا يمكن تسليمه الآن.,,
dem,demBaskaEtiketOkut,,Başka etiket okut,امسح وسماً آخر,,
dem,demBaskasinda,"ad,sure",Başkasında: {ad} — {sure} üzerinde.,بحوزة {ad} — {sure}.,,
dem,demBaskasininUzerinde,,Başkasının üzerinde görünüyor.,يبدو أنه بحوزة شخص آخر.,,
dem,demBaslik,,Demirbaş,الأصول,,
dem,demBirak,,Bırak / iade et,إعادة,,
dem,demBirakKisa,,Bırak,إعادة,,
dem,demBirakildi,,Bırakıldı ✓ — zimmet kapatıldı.,تمت الإعادة ✓ — أُغلق التسليم.,,
dem,demEtiketEslesmiyor,,Bu etiket ({uid}) kayıtlı bir demirbaşla eşleşmiyor. Etiket panelden bir demirbaşa tanımlanmalı.,هذا الوسم ({uid}) لا يطابق أي أصل مسجّل. يجب ربط الوسم بأصل من اللوحة.,,
dem,demEtiketOkut,,Etiket okut,امسح الوسم,,
dem,demHataSatiri,"ad,hata",{ad}: {hata},{ad}: {hata},,
dem,demIslemYapilamadi,,İşlem yapılamadı: {hata} Durum güncellendi — karta tekrar bakın.,تعذّر تنفيذ العملية: {hata} تم تحديث الحالة — راجع البطاقة.,,
dem,demKimsedeDegil,,Kimsede değil — alınabilir.,ليس بحوزة أحد — متاح.,,
dem,demListeYetkiYok,,Demirbaş listesi için yetkiniz yok.,ليست لديك صلاحية لقائمة الأصول.,,
dem,demNfcAciklama,,Demirbaşı alırken veya bırakırken üzerindeki NFC etiketini okutun. Uygulama demirbaşı tanır ve kimde olduğunu gösterir.,امسح وسم NFC الموجود على الأصل عند أخذه أو إعادته. يتعرّف التطبيق على الأصل ويُظهر من يحوزه.,,
dem,demOfflineUyari,,İnternet bağlantısı gerekli. Zimmet kimde-olduğu ANLIK bir kayıttır; offline işlem yapılmaz (kuyruklamak yanıltıcı olurdu).,يلزم اتصال بالإنترنت. حيازة الأصل سجل فوري؛ ولا تُعالج دون اتصال (الانتظار في قائمة سيكون مضلّلاً).,,
dem,demSende,,SENDE — {sure} üzerinde.,بحوزتك — {sure}.,,
dem,demSonHareketler,,Son hareketler,الحركات الأخيرة,,
dem,demSureAzOnce,,"az önce alındı, o zamandan beri",قبل لحظات,,
dem,demSureBelirsiz,,bir süredir,منذ فترة,,
dem,demSureDakika,n,{n} dakikadır,"{n, plural, zero{منذ {n} دقيقة} one{منذ دقيقة} two{منذ دقيقتين} few{منذ {n} دقائق} many{منذ {n} دقيقة} other{منذ {n} دقيقة}}",,
dem,demSureGun,n,{n} gündür,"{n, plural, zero{منذ {n} يوم} one{منذ يوم} two{منذ يومين} few{منذ {n} أيام} many{منذ {n} يوماً} other{منذ {n} يوم}}",,
dem,demSureSaat,n,{n} saattir,"{n, plural, zero{منذ {n} ساعة} one{منذ ساعة} two{منذ ساعتين} few{منذ {n} ساعات} many{منذ {n} ساعة} other{منذ {n} ساعة}}",,
dem,demTaniniyor,,Demirbaş tanınıyor...,جارٍ التعرّف على الأصل...,,
dem,demUzerimdekiler,,Üzerimdekiler{ek},ما بحوزتي{ek},,
dem,demUzerindeYok,,Şu an üzerinde demirbaş görünmüyor.,لا توجد أصول بحوزتك حالياً.,,
dem,demZatenZimmetinde,,Zaten zimmetindeydi ✓ (tekrar gönderim — çift kayıt yok),كان بحوزتك بالفعل ✓ (إعادة إرسال — بلا تكرار),,
dem,demZimmetineAl,,Zimmetine al,استلام,,
dem,demZimmetineAlindi,,Zimmetine alındı ✓,تم الاستلام ✓,,
dem,demZorlaDevralmaYok,,Zorla devralma yok — demirbaşı şu anki kullanıcısı bırakmalı.,لا استيلاء قسري — يجب أن يعيده حائزه الحالي.,,
destek,destekBaslik,,Destek,الدعم,,
destek,destekEkip,,Yönetio Ekibi,فريق Yönetio,,
destek,destekGonderilemedi,,Talep gönderilemedi: {hata},تعذّر إرسال الطلب: {hata},,
destek,destekGorselEkle,,Görsel ekle,أضف صورة,,
destek,destekGorseliDegistir,,Görseli değiştir,تغيير الصورة,,
destek,destekKonu,,Konu,الموضوع,,
destek,destekTalepYok,,Henüz destek talebiniz yok,لا توجد لديك طلبات دعم بعد,,
destek,destekYeniTalep,,Yeni Talep,طلب جديد,,
destek,destekYeniTalepBaslik,,Yeni Destek Talebi,طلب دعم جديد,,
destek,destekYuklenemedi,,"Talepler yüklenemedi.
{hata}","تعذّر تحميل الطلبات.
{hata}",,
devriye,devriyeAdZorunlu,,Ad zorunludur,الاسم مطلوب,,
devriye,devriyeAktifNoktaYok,,"Aktif kontrol noktası yok. Önce ""Kontrol noktaları""ndan ekleyin.","لا توجد نقاط تفتيش نشطة. أضف واحدة من ""نقاط التفتيش"" أولاً.",,
devriye,devriyeBaslangicSaat,,Başlangıç {saat},البداية {saat},,
devriye,devriyeBitisEtiket,,bitiş {saat},الانتهاء {saat},,
devriye,devriyeBitisSaat,,Bitiş {saat},النهاية {saat},,
devriye,devriyeBugunPencereYok,,Bugün için planlanmış devriye penceresi yok.,لا توجد نافذة دورية مجدولة لهذا اليوم.,,
devriye,devriyeBugunTurYok,,Bugün için devriye turu yok.,لا توجد دورية لهذا اليوم.,,
devriye,devriyeBugununDigerTurlari,,Bugünün diğer turları,دوريات اليوم الأخرى,,
devriye,devriyeBugununTurlari,,Bugünün turları,دوريات اليوم,,
devriye,devriyeDurumBekliyor,,Bekliyor,بالانتظار,,
devriye,devriyeDurumBilinmiyor,,Bilinmiyor,غير معروف,,
devriye,devriyeDurumBitti,,Bitti,انتهت,,
devriye,devriyeDurumKacirildi,,Kaçırıldı,فائتة,,
devriye,devriyeDurumSimdiAktif,,Şimdi aktif,نشطة الآن,,
devriye,devriyeDurumSuresiGecti,,Süresi geçti,انقضى الوقت,,
devriye,devriyeDurumTamamlandi,,Tamamlandı,مُنجزة,,
devriye,devriyeDurumYaklasan,,Yaklaşan,قادمة,,
devriye,devriyeGecmisBos,,Henüz tur penceresi kaydı yok.,لا توجد سجلات نوافذ دوريات بعد.,,
devriye,devriyeGecmisYetkiYok,,Tur geçmişi için yetkiniz yok. Bu liste güvenlik ve yönetici rollerine açıktır.,ليست لديك صلاحية لسجل الدوريات. هذه القائمة متاحة لدوري الأمن والمدير.,,
devriye,devriyeGonderimKuyruguTooltip,,Gönderim kuyruğu,قائمة الإرسال,,
devriye,devriyeGunOkutmaYok,,Bu gün için okutma yok.,لا توجد عمليات مسح لهذا اليوم.,,
devriye,devriyeImzali,,imzalı ✓,موقَّع ✓,,
devriye,devriyeKalanSure,,Kalan süre: {sure},الوقت المتبقي: {sure},,
devriye,devriyeKaydedilemedi,,Kaydedilemedi. Tekrar deneyin.,تعذّر الحفظ. حاول مرة أخرى.,,
devriye,devriyeKontrolNoktalari,,Kontrol noktaları,نقاط التفتيش,,
devriye,devriyeNoktaAdiYedek,,Nokta {kisaId},النقطة {kisaId},,
devriye,devriyeNoktaDurumAciklama,,"Nokta durumları sunucudandır; tüm görevlilerin okutmaları ✓ görünür. ""Gönderiliyor"" satırlar bu cihazın henüz gönderilmemiş okutmalarıdır.","حالات النقاط تأتي من الخادم؛ تظهر عمليات مسح جميع العاملين بعلامة ✓. الصفوف ""قيد الإرسال"" هي عمليات مسح من هذا الجهاز لم تُرسل بعد.",,
devriye,devriyeNoktaListesiYok,,Bu planın nokta listesi alınamadı veya plana nokta atanmamış.,تعذّر جلب قائمة نقاط هذه الخطة أو لم تُسند نقاط للخطة.,,
devriye,devriyeNoktaOkutNfc,,Nokta okut (NFC),امسح نقطة (NFC),,
devriye,devriyeNoktaOkutuldu,"okutulan,beklenen",{okutulan}/{beklenen} nokta okutuldu,تم مسح {okutulan}/{beklenen} نقطة,,
devriye,devriyeNoktaSayaci,"okutulan,beklenen",{okutulan}/{beklenen} nokta,{okutulan}/{beklenen} نقطة,,
devriye,devriyeOkutmaBekliyor,n,{n} okutma gönderim bekliyor,"{n, plural, zero{لا توجد عمليات مسح بانتظار الإرسال} one{عملية مسح واحدة بانتظار الإرسال} two{عمليتا مسح بانتظار الإرسال} few{{n} عمليات مسح بانتظار الإرسال} many{{n} عملية مسح بانتظار الإرسال} other{{n} عملية مسح بانتظار الإرسال}}",,
devriye,devriyeOkutuldu,,Okutuldu ✓,تم المسح ✓,,
devriye,devriyeOkutulduGonderiliyor,,Okutuldu ✓ — gönderiliyor (kuyrukta),تم المسح ✓ — قيد الإرسال (في القائمة),,
devriye,devriyeOkutulduZamanli,,Okutuldu ✓ · {saat},تم المسح ✓ · {saat},,
devriye,devriyeOzetToplam,,Toplam,الإجمالي,,
devriye,devriyePasif,,Pasif,غير نشط,,
devriye,devriyePencere,"baslangic,bitis",Pencere: {baslangic} – {bitis},النافذة: {baslangic} – {bitis},,
devriye,devriyePencereSuresiDoldu,,Pencere süresi doldu.,انقضت مدة النافذة.,,
devriye,devriyePlanAdi,,Plan adı,اسم الخطة,,
devriye,devriyePlanAdiIpucu,,örn. Gece devriyesi,مثال: دورية ليلية,,
devriye,devriyePlanAralik,"baslangic,bitis,dakika",{baslangic}–{bitis} · her {dakika} dk,{baslangic}–{bitis} · كل {dakika} د,,
devriye,devriyePlanDuzenleBaslik,,Devriye planı düzenle,تعديل خطة الدورية,,
devriye,devriyePlanEkle,,Plan ekle,إضافة خطة,,
devriye,devriyePlanSilOnay,,"""{ad}"" devriye planı silinecek.","سيتم حذف خطة الدورية ""{ad}"".",,
devriye,devriyePlanSilindi,,Plan silindi ✓,تم حذف الخطة ✓,,
devriye,devriyePlanSilinsinMi,,Plan silinsin mi?,هل تُحذف الخطة؟,,
devriye,devriyePlanYeniBaslik,,Yeni devriye planı,خطة دورية جديدة,,
devriye,devriyePlanYokBos,,"Henüz devriye planı yok.
Sağ alttan ekleyin (saatler + noktalar).","لا توجد خطط دوريات بعد.
أضف واحدة من أسفل اليمين (الساعات + النقاط).",,
devriye,devriyePlanlarListelenemedi,,Planlar listelenemedi.,تعذّر عرض الخطط.,,
devriye,devriyePlanlariBaslik,,Devriye Planları,خطط الدوريات,,
devriye,devriyeSonGuncelleme,,Son güncelleme: {saat} (otomatik yenileme: 60 sn),آخر تحديث: {saat} (تحديث تلقائي: ٦٠ ثانية),,
devriye,devriyeSunucudaOkutma,n,Sunucuda {n} okutma kayıtlı (diğer cihazların okutmaları dahil olabilir).,"{n, plural, zero{لا توجد عمليات مسح مسجّلة على الخادم.} one{عملية مسح واحدة مسجّلة على الخادم (قد تتضمن مسح أجهزة أخرى).} two{عمليتا مسح مسجّلتان على الخادم (قد تتضمن مسح أجهزة أخرى).} few{{n} عمليات مسح مسجّلة على الخادم (قد تتضمن مسح أجهزة أخرى).} many{{n} عملية مسح مسجّلة على الخادم (قد تتضمن مسح أجهزة أخرى).} other{{n} عملية مسح مسجّلة على الخادم (قد تتضمن مسح أجهزة أخرى).}}",,
devriye,devriyeTakibiBaslik,,Devriye takibi,متابعة الدوريات,,
devriye,devriyeTakibiYetkiYok,,Devriye takibi için yetkiniz yok. Bu ekran yönetici ve güvenlik rollerine açıktır.,ليست لديك صلاحية لمتابعة الدوريات. هذه الشاشة متاحة لدوري المدير والأمن.,,
devriye,devriyeTaramaGunluguAlinamadi,,Tarama günlüğü alınamadı.,تعذّر جلب سجل المسح.,,
devriye,devriyeTumNoktalarOkutuldu,,Tüm noktalar okutuldu — tur tamamlanıyor. ✓,تم مسح جميع النقاط — الدورية تُستكمل. ✓,,
devriye,devriyeTumunuKaldir,,Tümünü kaldır,إزالة الكل,,
devriye,devriyeTumunuSec,,Tümünü seç,تحديد الكل,,
devriye,devriyeTurSikligi,,Tur sıklığı (dakika),تكرار الدورية (دقائق),,
devriye,devriyeTurSikligiPozitif,,Tur sıklığı (dk) pozitif olmalı.,يجب أن يكون تكرار الدورية (د) موجباً.,,
devriye,devriyeTurSikligiYardim,,örn. 60 = saatte bir tur,مثال: ٦٠ = دورية كل ساعة,,
devriye,devriyeTuru,,Devriye turu,دورية,,
devriye,devriyeUidEtiket,,UID: {uid},المعرّف: {uid},,
devriye,devriyeYetkiYok,,Bu ekrandaki veriler için yetkiniz yok. Tur takibi güvenlik (ve yönetici) rolüne açıktır.,ليست لديك صلاحية للبيانات في هذه الشاشة. متابعة الدورية متاحة لدور الأمن (والمدير).,,
dil,dilSecBaslik,,Uygulama dili,لغة التطبيق,,
dis,disAd,,Ad,الاسم,,
dis,disAdGerekli,,Ad gerekli,الاسم مطلوب,,
dis,disAra,,Ara,اتصال,,
dis,disBolumNotu,,Bölüm notu,ملاحظة القسم,,
dis,disKayitYok,,Henüz dış hizmet kaydı yok.,لا توجد سجلات خدمات خارجية بعد.,,
dis,disKayitYokYonetim,,Henüz kayıt yok. Sağ alttan güvendiğiniz esnafı ekleyin.,لا توجد سجلات بعد. أضف من أسفل اليمين حرفياً تثق به.,,
dis,disKisiDuzenle,,Kişi düzenle,تعديل جهة الاتصال,,
dis,disKisiEkle,,Kişi ekle,إضافة جهة اتصال,,
dis,disListeAlinamadi,,Liste alınamadı.,تعذّر تحميل القائمة.,,
dis,disNotEkleyin,,Not ekleyin (yalnızca yönetici düzenler).,أضف ملاحظة (الإدارة فقط يمكنها التعديل).,,
dis,disNotGuncellendi,,Not güncellendi ✓,تم تحديث الملاحظة ✓,,
dis,disNotIpucu,,örn. Yıllardır güvendiğimiz esnaflar; site güvenliği için yabancı kişileri içeri almayın.,مثال: حرفيون نثق بهم منذ سنوات؛ لأمن المجمّع لا تُدخل الغرباء.,,
dis,disNotuDuzenle,,Notu düzenle,تعديل الملاحظة,,
dis,disSilGovde,,"""{ad}"" silinecek.","سيتم حذف ""{ad}"".",,
dis,disSilOnay,,Kayıt silinsin mi?,حذف هذا السجل؟,,
dis,disSilindi,,Silindi ✓,تم الحذف ✓,,
dis,disSoyad,,Soyad,اسم العائلة,,
dis,disSoyadGerekli,,Soyad gerekli,اسم العائلة مطلوب,,
dis,disTur,,Hizmet türü,نوع الخدمة,,
dis,disTurIpucu,,"örn. Çilingir, Elektrik, Tesisat",مثال: أقفال، كهرباء، سباكة,,
dis,disTurZorunlu,,Tür zorunludur,النوع إلزامي,,
dis,disYeniKisi,,Yeni dış hizmet kişisi,جهة اتصال خارجية جديدة,,
duyuru,duyuruBaslikZorunlu,,Başlık zorunludur,العنوان إلزامي,,
duyuru,duyuruDuzenleBaslik,,Duyuru düzenle,تعديل الإعلان,,
duyuru,duyuruDuzenlendiEki,, · düzenlendi, · مُعدَّل,,
duyuru,duyuruGuncellendi,,Duyuru güncellendi ✓,تم تحديث الإعلان ✓,,
duyuru,duyuruMeta,"ad,zaman,duzenlendi",{ad} · {zaman}{duzenlendi},{ad} · {zaman}{duzenlendi},,
duyuru,duyuruMetniAlan,,Duyuru metni,نص الإعلان,,
duyuru,duyuruMetniZorunlu,,Duyuru metni zorunludur,نص الإعلان إلزامي,,
duyuru,duyuruSilOnay,,Duyuru silinsin mi?,حذف هذا الإعلان؟,,
duyuru,duyuruSilindi,,Duyuru silindi ✓,تم حذف الإعلان ✓,,
duyuru,duyuruYayinla,,Yayınla,نشر,,
duyuru,duyuruYayinlandi,,Duyuru yayınlandı ✓,تم نشر الإعلان ✓,,
duyuru,duyuruYeni,,Yeni duyuru,إعلان جديد,,
duyuru,duyuruYok,,Henüz duyuru yok.,لا توجد إعلانات بعد.,,
duyuru,duyuruYonetim,,Yönetim,الإدارة,,
enteg,entegAktifKisa,,aktif,نشط,,
enteg,entegBasarisiz,,Başarısız,فشل,,
enteg,entegDuzenleBaslik,,Entegrasyon düzenle,تعديل التكامل,,
enteg,entegHttpMetodu,,HTTP metodu,طريقة HTTP,,
enteg,entegKanalTipi,,Kanal tipi,نوع القناة,,
enteg,entegKimlikDogrulama,,Kimlik doğrulama,المصادقة,,
enteg,entegKimlikSatir,"tip,kilit",Kimlik: {tip}{kilit},المصادقة: {tip}{kilit},,
enteg,entegPasifKisa,,pasif,غير نشط,,
enteg,entegPayload,,Payload şablonu,قالب الحمولة,,
enteg,entegPayloadHelper,,{sablonlar} yer tutucuları,عناصر بديلة {sablonlar},,
enteg,entegPreset,,Hazır şablon (preset),قالب جاهز (preset),,
enteg,entegSilGovde,,"""{ad}"" entegrasyonu silinecek.","سيتم حذف التكامل ""{ad}"".",,
enteg,entegSilOnay,,Silinsin mi?,حذفه؟,,
enteg,entegSilinemedi,,Silinemedi: {hata},تعذّر الحذف: {hata},,
enteg,entegSir,,Sır (bearer token / API key),السر (bearer token / API key),,
enteg,entegSirKayitli,,Kayıtlı — değiştirmek için yeni değer girin,مُخزَّن — أدخل قيمة جديدة لتغييره,,
enteg,entegSirYazmaOzel,,Yazma-özel; sunucudan asla dönmez,للكتابة فقط؛ لا يعيده الخادم أبداً,,
enteg,entegTest,,Test,اختبار,,
enteg,entegTestBasarili,,✓ Başarılı ({durum}),✓ نجح ({durum}),,
enteg,entegTestBasarisiz,"hata,durum",✗ {hata}{durum},✗ {hata}{durum},,
enteg,entegTestMesaji,,Test mesajı,رسالة اختبار,,
enteg,entegUrl,,Endpoint URL (http/https),عنوان Endpoint (http/https),,
enteg,entegUrlHata,,http(s) ile başlamalı,يجب أن يبدأ بـ http(s),,
enteg,entegUrlHelper,,İç/özel adresler tetikte engellenir,تُحجب العناوين الداخلية/الخاصة عند التشغيل,,
enteg,entegYeni,,Yeni,جديد,,
enteg,entegYeniBaslik,,Yeni entegrasyon,تكامل جديد,,
enteg,entegYokMesaj,,"Entegrasyon yok. ""Yeni"" ile bir dış sistem (megafon/akıllı ev/webhook) ekleyin.","لا توجد تكاملات. أضف نظاماً خارجياً (مكبر صوت/منزل ذكي/webhook) عبر ""جديد"".",,
etiket,etiketAylikOzet,,Aylık Özet,ملخص شهري,,
etiket,etiketDevriye,,Devriye,دورية,,
etiket,etiketIletisim,,İletişim,التواصل,,
etiket,etiketKurallar,,Kurallar,القواعد,,
etk,etkAciklamaAlan,,Açıklama *,الوصف *,,
etk,etkAciklamaGerekli,,Açıklama gerekli,الوصف مطلوب,,
etk,etkBaslikAlan,,Başlık * (örn. Maç izleme akşamı),العنوان * (مثال: أمسية مشاهدة مباراة),,
etk,etkBaslikGerekli,,Başlık gerekli,العنوان مطلوب,,
etk,etkBeyanGonderilemedi,,Beyan gönderilemedi. Tekrar deneyin.,تعذّر إرسال المشاركة. حاول مرة أخرى.,,
etk,etkBeyanKaydedildi,,Beyanınız kaydedildi: {durum} ✓,تم حفظ مشاركتك: {durum} ✓,,
etk,etkBitis,,Bitiş: {zaman},النهاية: {zaman},,
etk,etkBitisEkle,,Bitiş ekle (opsiyonel),إضافة وقت انتهاء (اختياري),,
etk,etkBitisSonra,,"Bitiş, başlangıçtan sonra olmalı",يجب أن تكون النهاية بعد البداية,,
etk,etkBitisiKaldir,,Bitişi kaldır,إزالة وقت الانتهاء,,
etk,etkDuyurVeBildir,,Duyur ve sakinlere bildir,أعلن وأبلغ السكان,,
etk,etkDuyuran,,Duyuran: {ad},المُعلن: {ad},,
etk,etkDuyuruldu,,Etkinlik duyuruldu — sakinlere bildirildi ✓,تم الإعلان عن الحدث — أُبلغ السكان ✓,,
etk,etkDuzenleBaslik,,Etkinliği düzenle,تعديل الحدث,,
etk,etkGecmisYok,,Geçmiş etkinlik yok.,لا توجد أحداث سابقة.,,
etk,etkGorselAlan,,Görsel (opsiyonel),صورة (اختياري),,
etk,etkGuncellendi,,Etkinlik güncellendi ✓,تم تحديث الحدث ✓,,
etk,etkKatiliminiz,,Katılımınız: {durum},مشاركتك: {durum},,
etk,etkKatiliyorSayisi,n,{n} katılıyor,"{n, plural, zero{لا أحد سيحضر} one{شخص واحد سيحضر} two{شخصان سيحضران} few{{n} سيحضرون} many{{n} سيحضرون} other{{n} سيحضرون}}",,
etk,etkKatiliyorum,,Katılıyorum,سأحضر,,
etk,etkKatilmiyorSayisi,n,{n} katılmıyor,"{n, plural, zero{لا أحد لن يحضر} one{شخص واحد لن يحضر} two{شخصان لن يحضرا} few{{n} لن يحضروا} many{{n} لن يحضروا} other{{n} لن يحضروا}}",,
etk,etkKatilmiyorum,,Katılmıyorum,لن أحضر,,
etk,etkKaydedilemedi,,Kaydedilemedi. Tekrar deneyin.,تعذّر الحفظ. حاول مرة أخرى.,,
etk,etkSekmeGecmis,,Geçmiş ({n}),السابقة ({n}),,
etk,etkSekmeYaklasan,,Yaklaşan ({n}),قادمة ({n}),,
etk,etkSilOnay,,"""{baslik}"" ve tüm katılım beyanları silinecek.","سيتم حذف ""{baslik}"" وجميع المشاركات.",,
etk,etkSilindi,,Etkinlik silindi ✓,تم حذف الحدث ✓,,
etk,etkSilinsinMi,,Etkinlik silinsin mi?,هل يُحذف الحدث؟,,
etk,etkYaklasanYok,,Yaklaşan etkinlik yok.,لا توجد أحداث قادمة.,,
etk,etkYaklasanYokYonetim,,"Yaklaşan etkinlik yok. ""Yeni etkinlik"" ile duyurun.","لا توجد أحداث قادمة. أعلن عن حدث عبر ""حدث جديد"".",,
etk,etkYeni,,Yeni etkinlik,حدث جديد,,
etk,etkYer,,Yer: {konum},المكان: {konum},,
etk,etkYerAlan,,Yer (opsiyonel),المكان (اختياري),,
etk,etkZaman,,Zaman: {aralik},الوقت: {aralik},,
etk,etkZamanSecim,,Zaman: {zaman},الوقت: {zaman},,
fab,fabDestekTalebi,,Destek Talebi,طلب دعم,,
fab,fabDuyuruYayinla,,Duyuru Yayınla,نشر إعلان,,
fab,fabGorevOlustur,,Görev Oluştur,إنشاء مهمة,,
fab,fabOlayBildir,,Olay Bildir,الإبلاغ عن حادث,,
fab,fabRezervasyonYap,,Rezervasyon Yap,إجراء حجز,,
fab,fabTalepArizaBildir,,Talep / Arıza Bildir,الإبلاغ عن طلب أو خلل,,
fab,fabTalepBildir,,Talep / Bildir,طلب / إبلاغ,,
giris,girisBeniHatirla,,Beni hatırla,تذكّرني,,
giris,girisIlkKodIpucu,,İlk girişte yönetimden aldığınız geçici kodu yazın.,في أول تسجيل دخول، أدخل الرمز المؤقت الذي حصلت عليه من الإدارة.,,
giris,girisOturumSonaErdi,,Oturumunuz sona erdi. Lütfen tekrar giriş yapın.,انتهت صلاحية جلستك. الرجاء تسجيل الدخول مرة أخرى.,,
giris,girisParolaVeyaKod,,Parola veya geçici kod,كلمة المرور أو الرمز المؤقت,,
giris,girisYap,,Giriş yap,تسجيل الدخول,,
gorev,gorevAciklamaOpsiyonel,,Açıklama (opsiyonel),الوصف (اختياري),,
gorev,gorevAdi,,Görev adı,اسم المهمة,,
gorev,gorevAdiZorunlu,,Görev adı zorunludur,اسم المهمة مطلوب,,
gorev,gorevAdim1Etiket,,1. Etiketi okutun,١. امسح الوسم,,
gorev,gorevAdim2Foto,,2. Foto kanıtı,٢. إثبات بالصورة,,
gorev,gorevAdim2FotoOpsiyonel,,2. Foto kanıtı (isteğe bağlı),٢. إثبات بالصورة (اختياري),,
gorev,gorevAdim3Not,,3. Not (isteğe bağlı),٣. ملاحظة (اختياري),,
gorev,gorevAtananListedeDegil,,Atanan kullanıcı (listede değil),المستخدم المُسند إليه (غير مدرج),,
gorev,gorevAtananPersonel,,Atanan personel,العامل المُسند,,
gorev,gorevAtanmamisHavuz,,— atanmamış (havuz görevi) —,— غير مُسندة (مهمة مشتركة) —,,
gorev,gorevBagliTalep,,Bağlı talep,الطلب المرتبط,,
gorev,gorevBuFiltredeYok,,Bu filtreyle aktif görev yok.,لا توجد مهام نشطة بهذا التصفية.,,
gorev,gorevCipBanaAtanan,,Bana atanan,المُسندة إليّ,,
gorev,gorevCipTumGorevler,,Tüm görevler,كل المهام,,
gorev,gorevCipTumu,,Tümü,الكل,,
gorev,gorevDaireEtiket,,Daire {daire},الوحدة {daire},,
gorev,gorevDuzenleBaslik,,Görev düzenle,تعديل المهمة,,
gorev,gorevEtiketBekleniyor,,Etiket bekleniyor...,في انتظار الوسم...,,
gorev,gorevEtiketOkunamadi,,Etiket okunamadı.,تعذّر قراءة الوسم.,,
gorev,gorevEtiketiOkut,,Etiketi okut,امسح الوسم,,
gorev,gorevFotoAlinamadi,,Fotoğraf alınamadı: {hata},تعذّر الحصول على الصورة: {hata},,
gorev,gorevFotoHenuzYuklenmedi,,"Fotoğraf henüz yüklenmedi. Yüklemenin bitmesini bekleyin, ""Tekrar yükle""yi deneyin veya fotoyu kaldırın.","لم تُحمَّل الصورة بعد. انتظر انتهاء التحميل، أو جرّب ""أعد التحميل""، أو أزل الصورة.",,
gorev,gorevFotoKanitiVar,,foto kanıtı var,يوجد إثبات بالصورة,,
gorev,gorevFotoKanitiZorunlu,,Foto kanıtı zorunlu,إثبات بالصورة إلزامي,,
gorev,gorevFotoKanitiZorunluAlt,,Tamamlama foto olmadan kabul edilmez,لا يُقبل الإنجاز بدون صورة,,
gorev,gorevFotoOnlineGerekli,,"Fotoğraf yüklemek için internet bağlantısı gerekli (yükleme adresi kısa ömürlü). Bağlantı gelince ""Tekrar yükle"" ile deneyin.","يلزم اتصال بالإنترنت لتحميل الصورة (عنوان التحميل قصير الأجل). عند عودة الاتصال، استخدم ""أعد التحميل"".",,
gorev,gorevFotoOnlineGerekliKisa,,Fotoğraf yüklemek için internet bağlantısı gerekli.,يلزم اتصال بالإنترنت لتحميل الصورة.,,
gorev,gorevFotoZorunlu,,Foto zorunlu,الصورة إلزامية,,
gorev,gorevFotoZorunluUyari,,Bu görev için FOTO KANITI ZORUNLU. Tamamlamadan önce fotoğraf çekip yükleyin.,الإثبات بالصورة إلزامي لهذه المهمة. صوّر وحمّل الصورة قبل الإنجاز.,,
gorev,gorevGaleridenSec,,Galeriden seç,اختر من المعرض,,
gorev,gorevGonderiliyor,,Gönderiliyor...,جارٍ الإرسال...,,
gorev,gorevGuncellendi,,Görev güncellendi ✓,تم تحديث المهمة ✓,,
gorev,gorevIslemleriTooltip,,Görev işlemleri,إجراءات المهمة,,
gorev,gorevKaldir,,Kaldır,إزالة,,
gorev,gorevKamera,,Kamera,الكاميرا,,
gorev,gorevKategoriAdi,,Kategori adı,اسم الفئة,,
gorev,gorevKategoriAdiIpucu,,örn. Havuz bakımı,مثال: صيانة المسبح,,
gorev,gorevKategoriDiger,,Diğer,أخرى,,
gorev,gorevKategoriEklendi,,"""{ad}"" eklendi","تمت إضافة ""{ad}""",,
gorev,gorevKategoriEklenemedi,,Eklenemedi: {hata},تعذّرت الإضافة: {hata},,
gorev,gorevKategoriListeAlinamadi,,Liste alınamadı: {hata},تعذّر جلب القائمة: {hata},,
gorev,gorevKategoriSilOnay,,"""{ad}"" pasifleştirilir; mevcut görevlerin geçmişi korunur, yeni görevlerde seçilemez.","سيتم تعطيل ""{ad}""؛ يُحفظ سجل المهام الحالية، ولا يمكن اختيارها للمهام الجديدة.",,
gorev,gorevKategoriSilindi,,"""{ad}"" silindi","تم حذف ""{ad}""",,
gorev,gorevKategoriSilinemedi,,Silinemedi: {hata},تعذّر الحذف: {hata},,
gorev,gorevKategoriSilinmis,,Kategori (silinmiş),الفئة (محذوفة),,
gorev,gorevKategoriSilinsinMi,,Kategori silinsin mi?,هل تُحذف الفئة؟,,
gorev,gorevKategoriYeni,,Yeni kategori,فئة جديدة,,
gorev,gorevKategoriYokBos,,"Henüz kategori yok. Görev oluştururken seçilebilmesi için ""Yeni kategori"" ile ekleyin.","لا توجد فئات بعد. أضف واحدة عبر ""فئة جديدة"" حتى يمكن اختيارها عند إنشاء مهمة.",,
gorev,gorevKategorilerTooltip,,Kategoriler,الفئات,,
gorev,gorevKategorileriBaslik,,Görev kategorileri,فئات المهام,,
gorev,gorevKontrolNoktasiOpsiyonel,,Kontrol noktası (NFC) — opsiyonel,نقطة تفتيش (NFC) — اختياري,,
gorev,gorevKontrolNoktasiYardim,,Bağlanırsa görev NFC okutularak tamamlanır,إذا تم الربط، تُنجَز المهمة بمسح NFC,,
gorev,gorevListesiYetkiYok,,Görev listesi için yetkiniz yok. Bu ekran temizlik ve güvenlik rollerine açıktır.,ليست لديك صلاحية لعرض قائمة المهام. هذه الشاشة متاحة لدوري النظافة والأمن.,,
gorev,gorevNfcAciklama,,Bu görev NFC doğrulamalı: tamamlamadan önce görev noktasındaki etiketi okutun.,هذه المهمة موثّقة بـ NFC: امسح الوسم عند نقطة المهمة قبل الإنجاز.,,
gorev,gorevNfcDogrulandi,,NFC doğrulandı,تم التحقق بـ NFC,,
gorev,gorevNfcYok,,— NFC yok —,— بدون NFC —,,
gorev,gorevNotIpucu,,Örn. çöp konteynerleri boşaltıldı,مثال: تم تفريغ حاويات النفايات,,
gorev,gorevOkundu,,Okundu: {uid},تم المسح: {uid},,
gorev,gorevOlusturuldu,,Görev oluşturuldu ✓,تم إنشاء المهمة ✓,,
gorev,gorevOncelik,,Öncelik,الأولوية,,
gorev,gorevOncelikDusuk,,Düşük,منخفضة,,
gorev,gorevOncelikOrta,,Orta,متوسطة,,
gorev,gorevOncelikYuksek,,Yüksek,عالية,,
gorev,gorevPasifAciklama,,Pasif görev listede görünmez,المهمة غير النشطة لا تظهر في القائمة,,
gorev,gorevPeriyotDakika,,Periyot dakika (opsiyonel),الدورية بالدقائق (اختياري),,
gorev,gorevPeriyotYardim,,Periyodik görevler için; boş = tek seferlik,للمهام الدورية؛ فارغ = مرة واحدة,,
gorev,gorevPersonelAlinamadi,,Personel listesi alınamadı: {hata},تعذّر جلب قائمة العاملين: {hata},,
gorev,gorevPersonelYukleniyor,,Personel listesi yükleniyor...,جارٍ تحميل قائمة العاملين...,,
gorev,gorevPlanlanan,,Planlanan: {zaman},المُقرَّر: {zaman},,
gorev,gorevPozitifSayi,,Pozitif tam sayı girin,أدخل عدداً صحيحاً موجباً,,
gorev,gorevSanaAtanmis,,Sana atanmış,مُسندة إليك,,
gorev,gorevSilindi,,Görev silindi ✓,تم حذف المهمة ✓,,
gorev,gorevSilinsinMi,,Görev silinsin mi?,هل تُحذف المهمة؟,,
gorev,gorevTakipGorunumu,,Takip görünümü,عرض المتابعة,,
gorev,gorevTakipGorunumuAlt,,Tamamlama saha personeli tarafından yapılır (güvenlik / tesis görevlisi). Bu ekran izleme içindir.,يتم الإنجاز بواسطة العاملين الميدانيين (الأمن / مسؤول المنشأة). هذه الشاشة للمتابعة فقط.,,
gorev,gorevTaleptenGeldi,,Talepten geldi,من طلب,,
gorev,gorevTamamla,,Tamamla,إنجاز,,
gorev,gorevTamamlamaOfflineUyari,,"Tamamlama gönderilemedi — internet bağlantısı gerekli. Bağlantı gelince tekrar ""Tamamla""ya basın; aynı kayıt çift oluşmaz (Idempotency-Key sabit). Fotoğraflı tamamlama offline desteklenmez (bilinen kısıt).","تعذّر إرسال الإنجاز — يلزم اتصال بالإنترنت. عند عودة الاتصال اضغط ""إنجاز"" مرة أخرى؛ لن يتكرر السجل نفسه (مفتاح Idempotency ثابت). الإنجاز مع صورة غير مدعوم دون اتصال (قيد معروف).",,
gorev,gorevTamamlandiBuOturumda,,Tamamlandı ✓ (bu oturumda),تم الإنجاز ✓ (في هذه الجلسة),,
gorev,gorevTamamlandiKayit,,Görev tamamlandı — kayıt oluşturuldu.,تم إنجاز المهمة — أُنشئ السجل.,,
gorev,gorevTamamlandiZatenKayitli,,Tamamlandı ✓ (zaten kayıtlıydı),تم الإنجاز ✓ (كان مسجّلاً بالفعل),,
gorev,gorevTekrarYukle,,Tekrar yükle,أعد التحميل,,
gorev,gorevTipi,,Görev tipi,نوع المهمة,,
gorev,gorevTipiYokUyari,,"Henüz görev tipi tanımlamadınız. Üstteki ""Kategoriler"" ekranından kendi tiplerinizi ekleyebilirsiniz; şimdilik ""Diğer"" kullanılır.","لم تُعرّف أي نوع مهمة بعد. يمكنك إضافة أنواعك من شاشة ""الفئات"" أعلاه؛ يُستخدم ""أخرى"" في الوقت الحالي.",,
gorev,gorevTipleriYukleniyor,,Görev tipleri yükleniyor...,جارٍ تحميل أنواع المهام...,,
gorev,gorevYeni,,Yeni görev,مهمة جديدة,,
gorev,gorevYeniTamamlamaBaslat,,Yeni tamamlama başlat,بدء إنجاز جديد,,
gorev,gorevYenidenCek,,Yeniden çek,أعد التصوير,,
gorev,gorevYenidenOkut,,Yeniden okut,امسح مرة أخرى,,
gorev,gorevYuklendi,,Yüklendi ✓,تم التحميل ✓,,
gorev,gorevYukleniyorNokta,,Yükleniyor...,جارٍ التحميل...,,
gorev,gorevZaman,,Zaman: {zaman},الوقت: {zaman},,
gorev,gorevZatenKayitliydi,,Bu tamamlama zaten kayıtlıydı (tekrar gönderim — çift kayıt oluşmadı).,هذا الإنجاز كان مسجّلاً بالفعل (إعادة إرسال — لم يُنشأ سجل مكرّر).,,
gun,gunTipiHaftaIci,,Hafta içi,أيام الأسبوع,,
gun,gunTipiHaftaSonu,,Hafta sonu,عطلة نهاية الأسبوع,,
gun,gunTipiHerGun,,Her gün,كل يوم,,
gun,gunTipiResmiTatil,,Resmî tatil,العطل الرسمية,,
hata,hataSunucuyaUlasilamadi,,Sunucuya ulaşılamadı. Ağ bağlantınızı ve sunucu adresini kontrol edin.,تعذّر الوصول إلى الخادم. تحقّق من اتصال الشبكة وعنوان الخادم.,,
hata,hataZamanAsimi,,Sunucuya bağlanırken zaman aşımı oluştu.,انتهت المهلة أثناء الاتصال بالخادم.,,
ihlal,ihlalAciklamaAlani,,Açıklama (isteğe bağlı),الوصف (اختياري),,
ihlal,ihlalAcildi,,İhlal kaydı açıldı,تم إنشاء سجل المخالفة,,
ihlal,ihlalBaslikAlani,,Başlık,العنوان,,
ihlal,ihlalBaslikZorunlu,,Başlık zorunlu,العنوان مطلوب,,
ihlal,ihlalDurumGuncellendi,,İhlal durumu güncellendi,تم تحديث حالة المخالفة,,
ihlal,ihlalDurumInceleniyor,,İnceleniyor,قيد المراجعة,,
ihlal,ihlalDurumKapatildi,,Kapatıldı,مغلق,,
ihlal,ihlalDurumYeni,,Yeni,جديد,,
ihlal,ihlalErisimYok,,İhlal kayıtları yalnız yönetim ve güvenlik içindir,سجلات المخالفات مخصّصة للإدارة والأمن فقط,,
ihlal,ihlalIncelemeyeAl,,İncelemeye al,بدء المراجعة,,
ihlal,ihlalKapaliDegistirilemez,,Kapatılmış ihlal yeniden açılamaz,لا يمكن إعادة فتح مخالفة مغلقة,,
ihlal,ihlalKapat,,Kaydı kapat,إغلاق السجل,,
ihlal,ihlalKapatmaOnay,,Kayıt kapatılsın mı? Kapatılan ihlal yeniden açılamaz.,هل تُغلق هذا السجل؟ لا يمكن إعادة فتح المخالفة المغلقة.,,
ihlal,ihlalKaydeden,ad,Açan: {ad},فتحها: {ad},,
ihlal,ihlalKaynakAlani,,Tespit kaynağı,مصدر الرصد,,
ihlal,ihlalKaynakDevriye,,Devriye,دورية,,
ihlal,ihlalKaynakKamera,,Kamera,كاميرا,,
ihlal,ihlalKaynakManuel,,Manuel,يدوي,,
ihlal,ihlalKonumAlani,,Konum (isteğe bağlı),الموقع (اختياري),,
ihlal,ihlalListeBos,,İhlal kaydı yok,لا توجد سجلات مخالفات,,
ihlal,ihlalYeni,,Yeni ihlal,مخالفة جديدة,,
izin,izinAtlandiEki,, ({n} zaten açık), ({n} مفتوح بالفعل),,
izin,izinBaslik,,Görüntüleme izni,إذن العرض,,
izin,izinDaireEki,, — {daire}, — {daire},,
izin,izinDaireIstegi,,Daire görüntüleme isteği{daire},طلب عرض الوحدة{daire},,
izin,izinDaireNo,,Daire no (örn. A-12),رقم الوحدة (مثال: A-12),,
izin,izinDurumEtiket,,Durum: {durum},الحالة: {durum},,
izin,izinDurumOnaylandi,,Onaylandı,تمت الموافقة,,
izin,izinGonderilemedi,,Gönderilemedi: {hata},تعذّر الإرسال: {hata},,
izin,izinGoruntulenebilirDaireler,,Görüntülenebilir daireler ({n}),الوحدات القابلة للعرض ({n}),,
izin,izinHedef,,Hedef: {ad},المستلم: {ad},,
izin,izinIsteBaslik,,Görüntüleme izni iste,طلب إذن العرض,,
izin,izinIstekGonder,,İstek gönder,إرسال الطلب,,
izin,izinIstekGonderildi,,İstek gönderildi — sakinin onayı bekleniyor,أُرسل الطلب — في انتظار موافقة الساكن,,
izin,izinIstekYokSakin,,Dairenize gelen görüntüleme isteği yok.,لا توجد طلبات عرض لوحدتك.,,
izin,izinIstekYokYonetim,,"Henüz izin isteğiniz yok. ""Yeni istek"" ile bir daire, üstteki ""Tüm daireler"" ile tümü için izin isteyin.","ليست لديك طلبات إذن بعد. استخدم ""طلب جديد"" لوحدة واحدة، أو ""جميع الوحدات"" أعلاه للجميع.",,
izin,izinIsteyen,,İsteyen: {ad},الطالب: {ad},,
izin,izinKargolar,,Kargolar,الشحنات,,
izin,izinKaydeden,,Kaydeden: {ad},المُسجِّل: {ad},,
izin,izinKayitBaslik,"baslik,daire",{baslik}{daire},{baslik}{daire},,
izin,izinKayitYok,,Bu dairede kayıt yok.,لا توجد سجلات لهذه الوحدة.,,
izin,izinKullanildi,,Kullanıldı,مُستخدم,,
izin,izinKullanildiUyari,,İzin kullanıldı (tek seferlik). Tekrar görmek için yeni istek açın.,تم استخدام الإذن (لمرة واحدة). افتح طلباً جديداً لتعرض مرة أخرى.,,
izin,izinOnayla,,Onayla,موافقة,,
izin,izinOnayli,,Onaylı,موافَق عليه,,
izin,izinSuresiDoldu,,İzin kullanıldı veya süresi doldu (tek seferlik). Tekrar görüntülemek için yeni bir izin isteği açın.,تم استخدام الإذن أو انتهت صلاحيته (لمرة واحدة). افتح طلب إذن جديداً لتعرض مرة أخرى.,,
izin,izinTekSeferlikUyari,,Tek seferlik izinle görüntüleniyor — yenilemede erişim kapanır.,يتم العرض بإذن لمرة واحدة — يُغلق الوصول عند التحديث.,,
izin,izinTopluGonderildi,"n,atlandi",{n} daire için istek gönderildi{atlandi} — sakin onayları bekleniyor,أُرسلت طلبات لـ {n} وحدة{atlandi} — في انتظار موافقات السكان,,
izin,izinTumDaireUyari,,Sakini olan tüm daireler için görüntüleme izni isteği gönderilecek. Her daire kendi sakininin onayına bağlıdır — yalnızca onaylayan dairelerin kayıtlarını görebilirsiniz.,سيُرسل طلب إذن عرض لكل وحدة لديها ساكن. كل وحدة تعتمد على موافقة ساكنها — ولن ترى سوى سجلات الوحدات الموافقة.,,
izin,izinTumDairelere,,Tüm dairelere izin iste,طلب إذن لجميع الوحدات,,
izin,izinVerildi,,İzin verildi,تم منح الإذن,,
izin,izinYeniIstek,,Yeni istek,طلب جديد,,
kabuk,kabukCikisYap,,Çıkış Yap,تسجيل الخروج,,
kabuk,kabukProfil,,Profil,الملف الشخصي,,
kamera,kameraAd,,Ad,الاسم,,
kamera,kameraAktif,,Aktif,نشِطة,,
kamera,kameraAktifAlt,,Kapalıyken hiçbir listede görünmez,عند الإيقاف لا تظهر في أي قائمة,,
kamera,kameraBaslik,,Kameralar,الكاميرات,,
kamera,kameraBosSakin,,Görüntülemenize açık kamera yok.,لا توجد كاميرات متاحة لك.,,
kamera,kameraBosYonetim,,Kamera tanımı yok. Sağ alttan ekleyebilirsiniz.,لا توجد كاميرات. يمكنك الإضافة من الأسفل يميناً.,,
kamera,kameraCanli,,Canlı,مباشر,,
kamera,kameraDuzenleBaslik,,Kamerayı düzenle,تعديل الكاميرا,,
kamera,kameraEkle,,Kamera Ekle,إضافة كاميرا,,
kamera,kameraKonum,,Konum (opsiyonel),الموقع (اختياري),,
kamera,kameraListeHata,,Kameralar yüklenemedi.,تعذّر تحميل الكاميرات.,,
kamera,kameraOynatilamiyor,,Oynatılamıyor,غير قابلة للتشغيل,,
kamera,kameraRtspBilgi,,RTSP yayınlar şu an uygulama içinde oynatılamıyor. Kayıt sistemde tutuluyor; oynatma desteği ileride eklenecek.,لا يمكن تشغيل بثوث RTSP داخل التطبيق حالياً. السجل محفوظ في النظام، وستُضاف إمكانية التشغيل لاحقاً.,,
kamera,kameraRtspFormUyari,,RTSP yayınlar şu an uygulama içinde oynatılamaz. Kayıt saklanır; oynatma desteği ileride eklenecek.,لا يمكن تشغيل بثوث RTSP داخل التطبيق حالياً. يُحفظ السجل، وستُضاف إمكانية التشغيل لاحقاً.,,
kamera,kameraSakinGorebilir,,Site sakinleri görebilsin,مرئية للسكان,,
kamera,kameraSakinGorebilirAlt,,Kapalıyken kamerayı yalnızca yönetim ve güvenlik görür,عند الإيقاف تراها الإدارة والأمن فقط,,
kamera,kameraSeritBaslik,,Canlı Kamera,كاميرا مباشرة,,
kamera,kameraSilBaslik,,Kamerayı sil,حذف الكاميرا,,
kamera,kameraSilOnay,,"""{ad}"" silinsin mi?",هل تريد حذف «{ad}»؟,,
kamera,kameraTur,,Tür,النوع,,
kamera,kameraTurEtiket,,Tür: {tur},النوع: {tur},,
kamera,kameraUrl,,Yayın URL'si,رابط البث,,
kamera,kameraUrlHataHttp,,{tur} yayın adresi http:// veya https:// ile başlamalı,يجب أن يبدأ رابط بث {tur} بـ http:// أو https://,,
kamera,kameraUrlHataRtsp,,RTSP yayın adresi rtsp:// ile başlamalı,يجب أن يبدأ رابط بث RTSP بـ rtsp://,,
kamera,kameraUrlZorunlu,,Yayın adresi zorunludur,رابط البث مطلوب,,
kamera,kameraYayinAcilamadi,,Yayın açılamadı,تعذّر فتح البث,,
kamera,kameraYayinAcilamadiAlt,,Kamera kapalı olabilir ya da ağ yayına ulaşamıyor.,قد تكون الكاميرا مطفأة أو أن الشبكة لا تصل إلى البث.,,
kamera,kameraYeni,,Yeni kamera,كاميرا جديدة,,
kar,karAdEki,, — {ad}, — {ad},,
kar,karBaslik,,Kargo,الشحنات,,
kar,karBekleyenYok,,Teslim bekleyen kargo yok.,لا توجد شحنات في انتظار الاستلام.,,
kar,karBekleyenYokSakin,,Teslim bekleyen kargonuz yok.,لا توجد شحنات في انتظار استلامك.,,
kar,karDaire,,Daire: {daire},الوحدة: {daire},,
kar,karDaireNo,,Daire no * (örn. A-12),رقم الوحدة * (مثال: A-12),,
kar,karDaireNoGerekli,,Daire no gerekli,رقم الوحدة مطلوب,,
kar,karDaireTarih,"daire,zaman",Daire: {daire} · {zaman},الوحدة: {daire} · {zaman},,
kar,karFirma,,Kargo firması *,شركة الشحن *,,
kar,karFirmaGerekli,,Kargo firması gerekli,شركة الشحن مطلوبة,,
kar,karGonderilemedi,,Kayıt gönderilemedi. Tekrar deneyin.,تعذّر إرسال السجل. حاول مرة أخرى.,,
kar,karIsaretlenemedi,,İşaretlenemedi. Tekrar deneyin.,تعذّر التأشير. حاول مرة أخرى.,,
kar,karKaydedildi,,Kargo kaydedildi — daire sakinlerine bildirildi ✓,تم تسجيل الشحنة — أُبلغ سكان الوحدة ✓,,
kar,karKaydetVeBildir,,Kaydet ve sakinlere bildir,احفظ وأبلغ السكان,,
kar,karKayit,,Kayıt: {zaman},التسجيل: {zaman},,
kar,karNot,,Not: {not},ملاحظة: {not},,
kar,karPaketFotografi,,Paket fotoğrafı (opsiyonel),صورة الشحنة (اختياري),,
kar,karSekmeBekleyen,,Bekleyen ({n}),قيد الانتظار ({n}),,
kar,karSekmeTeslim,,Teslim alınan ({n}),المستلمة ({n}),,
kar,karTeslimAldim,,Teslim aldım,لقد استلمتها,,
kar,karTeslimAlindiBildirim,,Kargo teslim alındı ✓,تم استلام الشحنة ✓,,
kar,karTeslimYok,,Henüz teslim alınan kargo kaydı yok.,لا توجد شحنات مستلمة مسجّلة بعد.,,
kar,karYeni,,Yeni kargo,شحنة جديدة,,
kar,karZamanEki,, · {zaman}, · {zaman},,
kargo,kargoDurumTeslimAlindi,,Teslim alındı,تم التسليم,,
kart,kartAidatBilgileri,,Aidat Bilgileri,الرسوم,,
kart,kartAidatDurumu,,Aidat Durumu,حالة الرسوم,,
kart,kartAracPlaka,,Araç Plaka,المركبات,,
kart,kartDemirbas,,Demirbaş,العهدة,,
kart,kartGeriBildirim,,Geri Bildirim,الملاحظات,,
kart,kartGonderimKuyrugu,,Gönderim Kuyruğu,قائمة الإرسال,,
kart,kartGorevler,,Görevler,المهام,,
kart,kartGorevlerim,,Görevlerim,مهامي,,
kart,kartGurultuSikayeti,,Gürültü Şikayeti,شكوى ضجيج,,
kart,kartIhlaller,,İhlaller,المخالفات,,
kart,kartKargo,,Kargo,الشحنات,,
kart,kartKargolarim,,Kargolarım,شحناتي,,
kart,kartOtoparkKullanimi,,Otopark Kullanımı,استخدام المواقف,,
kart,kartRaporlar,,Raporlar,التقارير,,
kart,kartSikayetler,,Şikayetler,الشكاوى,,
kart,kartSikayetlerim,,Şikayetlerim,شكاواي,,
kart,kartSiteRaporlari,,Site Raporları,تقارير المجمع,,
kart,kartTalepAriza,,Talep / Arıza,الطلبات,,
kart,kartTurlarim,,Turlarım,دورياتي,,
kart,kartVardiyaDurum,,Vardiya Durum,الوردية,,
kart,kartYonetici,,Yönetici,المدير,,
kart,kartZiyaretci,,Ziyaretçi,الزوار,,
kart,kartZiyaretciler,,Ziyaretçiler,الزوار,,
kategori,kategoriGurultu,,Gürültü,ضجيج,,
kategori,kategoriKapiOnuAyakkabi,,Kapı önü / ayakkabı,أمام الباب / أحذية,,
kategori,kategoriZararVerme,,Zarar verme,إحداث ضرر,,
kural,kuralAramaBos,,Aramayla eşleşen kural yok.,لا توجد قواعد مطابقة للبحث.,,
kural,kuralAramaIpucu,,Başlıkta ara (örn. havuz),ابحث في العناوين (مثال: المسبح),,
kural,kuralBaslik,,Site Kuralları,قواعد المجمّع,,
kural,kuralBaslikAlan,,Başlık * (örn. Havuz Saatleri),العنوان * (مثال: أوقات المسبح),,
kural,kuralBaslikGerekli,,Başlık gerekli,العنوان مطلوب,,
kural,kuralDuzenleBaslik,,Kuralı düzenle,تعديل القاعدة,,
kural,kuralEkleButon,,Kuralı ekle,أضف القاعدة,,
kural,kuralEklendi,,Kural eklendi ✓,تمت إضافة القاعدة ✓,,
kural,kuralGuncellendi,,Kural güncellendi ✓,تم تحديث القاعدة ✓,,
kural,kuralMetni,,Kural metni *,نص القاعدة *,,
kural,kuralMetniGerekli,,Kural metni gerekli,نص القاعدة مطلوب,,
kural,kuralMevcutGorsel,,Mevcut görsel korunuyor,يتم الإبقاء على الصورة الحالية,,
kural,kuralSilOnayBaslik,,Kural silinsin mi?,حذف هذه القاعدة؟,,
kural,kuralSilOnayGovde,,"""{baslik}"" kalıcı olarak silinecek.","سيتم حذف ""{baslik}"" نهائياً.",,
kural,kuralSilindi,,Kural silindi ✓,تم حذف القاعدة ✓,,
kural,kuralSira,,Sıra (küçük önce),الترتيب (الأصغر أولاً),,
kural,kuralSiraGecersiz,,Sıra 0 veya pozitif tam sayı olmalı,يجب أن يكون الترتيب 0 أو عدداً صحيحاً موجباً,,
kural,kuralYeni,,Yeni kural,قاعدة جديدة,,
kural,kuralYokSakin,,Henüz kural yayınlanmamış.,لم تُنشر أي قواعد بعد.,,
kural,kuralYokYonetim,,"Henüz kural yok. ""Yeni kural"" ile ekleyin.","لا توجد قواعد بعد. أضف واحدة عبر ""قاعدة جديدة"".",,
kuyruk,kuyrukBekliyor,,Bekliyor,في الانتظار,,
kuyruk,kuyrukBekliyorDeneme,,Bekliyor (deneme: {n}),في الانتظار (محاولة: {n}),,
kuyruk,kuyrukBos,,Kuyruk boş.,القائمة فارغة.,,
kuyruk,kuyrukEtiketEslesmedi,,etiket eşleşmedi,الوسم غير مطابق,,
kuyruk,kuyrukGonderildiYeni,,Gönderildi (yeni kayıt),تم الإرسال (سجل جديد),,
kuyruk,kuyrukGonderildiZatenVar,,Gönderildi (zaten kayıtlıydı),تم الإرسال (كان مسجّلاً),,
kuyruk,kuyrukGonderiliyor,,Gönderiliyor...,جارٍ الإرسال...,,
kuyruk,kuyrukHatalariTemizle,,Kalıcı hataları temizle,امسح الأخطاء الدائمة,,
kuyruk,kuyrukKaliciHata,,Kalıcı hata: {hata},خطأ دائم: {hata},,
kuyruk,kuyrukOzet,"bekleyen,hatali",{bekleyen} bekliyor · {hatali} kalıcı hata,{bekleyen} في الانتظار · {hatali} أخطاء دائمة,,
kuyruk,kuyrukSenkronla,,Şimdi senkronla,زامن الآن,,
modul,modulAidatim,,Aidatım,رسومي,,
modul,modulAracGecis,,Araç Geçişleri,مرور المركبات,,
modul,modulAylikRaporlar,,Aylık Raporlar,التقارير الشهرية,,
modul,modulBinaYapisi,,Bina Yapısı,هيكل المبنى,,
modul,modulButce,,Bütçe,الموازنة,,
modul,modulDemirbas,,Demirbaş,العهدة,,
modul,modulDevriyeTakibi,,Devriye Takibi,متابعة الدوريات,,
modul,modulDisHizmetler,,Dış Hizmetler,خدمات خارجية,,
modul,modulDuyurular,,Duyurular,الإعلانات,,
modul,modulEntegrasyonlar,,Entegrasyonlar,التكاملات,,
modul,modulEtkinlikler,,Etkinlikler,الأنشطة,,
modul,modulFinansalOzet,,Finansal Özet,الملخص المالي,,
modul,modulGonderimKuyrugu,,Gönderim Kuyruğu,قائمة الإرسال,,
modul,modulGorevYonetimi,,Görev Yönetimi,إدارة المهام,,
modul,modulGorevlerim,,Görevlerim,مهامي,,
modul,modulGoruntulemeIzni,,Görüntüleme İzni,إذن الاطّلاع,,
modul,modulIhlaller,,İhlaller,المخالفات,,
modul,modulKargo,,Kargo,الشحنات,,
modul,modulNfcOkutma,,NFC Okutma,قراءة NFC,,
modul,modulOtopark,,Otopark,موقف السيارات,,
modul,modulPersonel,,Saha Personeli,موظفو الميدان,,
modul,modulRezervasyon,,Rezervasyon,الحجوزات,,
modul,modulSakinler,,Site Sakinleri,سكان المجمع,,
modul,modulSeffaflik,,Şeffaflık,الشفافية,,
modul,modulSikayetHaritasi,,Şikayet Haritası,خريطة الشكاوى,,
modul,modulSikayetOneri,,Şikayet / Öneri,شكوى / اقتراح,,
modul,modulSikayetlerim,,Şikayetlerim,شكاواي,,
modul,modulSiteButcesi,,Site Bütçesi,موازنة المجمع,,
modul,modulSiteKurallari,,Site Kuralları,قواعد المجمع,,
modul,modulTurlarim,,Turlarım,دورياتي,,
modul,modulYoneticiIletisim,,Yönetici İletişim,التواصل مع الإدارة,,
modul,modulZiyaretciler,,Ziyaretçiler,الزوار,,
nfc,nfcAktifNoktaYok,,Aktif kontrol noktası yok.,لا توجد نقاط تفتيش نشطة.,,
nfc,nfcAktifNoktaYokAlt,,"Önce ""Kontrol noktaları""ndan ekleyin.","أضف واحدة أولاً من ""نقاط التفتيش"".",,
nfc,nfcBaslik,,NFC etiket okuma,قراءة وسم NFC,,
nfc,nfcEslesmeYok,,Bu etiket hiçbir checkpoint ile eşleşmiyor.,هذا الوسم لا يطابق أي نقطة تفتيش.,,
nfc,nfcGonderildi,,Gönderildi ✓ — okutma kaydedildi.,تم الإرسال ✓ — تم تسجيل المسح.,,
nfc,nfcGonderildiZatenVar,,Gönderildi ✓ — bu okutma zaten kayıtlıydı.,تم الإرسال ✓ — هذا المسح كان مسجّلاً بالفعل.,,
nfc,nfcHataBilinmeyen,,Bilinmeyen bir hata oluştu.,حدث خطأ غير معروف.,,
nfc,nfcHataCozumlenemedi,,Etiket çözümlenemedi: {detay},تعذّر تحليل الوسم: {detay},,
nfc,nfcHataDesteklenmiyor,,Bu cihaz NFC desteklemiyor.,هذا الجهاز لا يدعم NFC.,,
nfc,nfcHataKapali,,NFC kapalı. Lütfen cihaz ayarlarından NFC'yi açın.,NFC مغلق. الرجاء تشغيل NFC من إعدادات الجهاز.,,
nfc,nfcHataOkumaIptal,,Okuma iptal edildi: {detay},أُلغيت القراءة: {detay},,
nfc,nfcHataOturum,,NFC oturumu başlatılamadı: {detay},تعذّر بدء جلسة NFC: {detay},,
nfc,nfcHataUidOkunamadi,,Etiket UID okunamadı.,تعذّر قراءة معرّف الوسم (UID).,,
nfc,nfcHazir,,Okumaya hazır. Başlat'a dokunun.,جاهز للقراءة. اضغط ابدأ.,,
nfc,nfcIosIptal,,İptal edildi,أُلغي,,
nfc,nfcIosOkunamadi,,Okunamadı,تعذّرت القراءة,,
nfc,nfcIosOkundu,,Okundu,تم القراءة,,
nfc,nfcIosYaklastir,,Etiketi telefonun arkasına yaklaştırın.,قرّب الوسم من ظهر الهاتف.,,
nfc,nfcKaydedildiBekliyor,,Kaydedildi ✓ — bağlantı gelince otomatik gönderilecek.,تم الحفظ ✓ — سيُرسل تلقائياً عند توفر الاتصال.,,
nfc,nfcKaydedildiGonderiliyor,,Kaydedildi ✓ — gönderiliyor...,تم الحفظ ✓ — جارٍ الإرسال...,,
nfc,nfcKuyruk,,Gönderim kuyruğu,قائمة الإرسال,,
nfc,nfcKuyrukBekleyen,n,{n} okutma gönderim bekliyor,"{n, plural, zero{لا مسحات في الانتظار} one{مسح واحد في انتظار الإرسال} two{مسحان في انتظار الإرسال} few{{n} مسحات في انتظار الإرسال} many{{n} مسحاً في انتظار الإرسال} other{{n} مسح في انتظار الإرسال}}",,
nfc,nfcManuelOkut,,Manuel okut (test),مسح يدوي (اختبار),,
nfc,nfcNoktalarAlinamadi,,Noktalar alınamadı: {hata},تعذّر تحميل النقاط: {hata},,
nfc,nfcOkumayaBasla,,Okumayı başlat,ابدأ القراءة,,
nfc,nfcOkundu,,Etiket okundu.,تم قراءة الوسم.,,
nfc,nfcSdmBaslik,,"SDM (ham, doğrulanmamış)",SDM (خام، غير مُتحقَّق),,
nfc,nfcTekrarOku,,Tekrar oku,اقرأ مرة أخرى,,
nfc,nfcTestAlt,,Fiziksel etiket olmadan okutmayı simüle eder.,يحاكي المسح بدون وسم مادي.,,
nfc,nfcTestBaslik,,TEST: hangi noktayı okutalım?,اختبار: أي نقطة نمسح؟,,
nfc,nfcTestGorunur,,Yalnızca test derlemesinde görünür.,يظهر في نسخ الاختبار فقط.,,
nfc,nfcTipEtiket,,Tip,النوع,,
nfc,nfcUidSatir,,UID: {uid},UID: {uid},,
nfc,nfcYaklastirBekliyor,,Etiketi telefonun arkasına yaklaştırın...,قرّب الوسم من ظهر الهاتف...,,
nokta,noktaAdIpucu,,örn. Giriş Kapısı,مثال: البوابة الرئيسية,,
nokta,noktaBaslik,,Kontrol Noktaları,نقاط التفتيش,,
nokta,noktaBoylam,,Boylam (ops.),خط الطول (اختياري),,
nokta,noktaDuzenleBaslik,,Nokta düzenle,تعديل النقطة,,
nokta,noktaEkle,,Nokta ekle,إضافة نقطة,,
nokta,noktaEnlem,,Enlem (ops.),خط العرض (اختياري),,
nokta,noktaListelenemedi,,Noktalar listelenemedi.,تعذّر إدراج النقاط.,,
nokta,noktaPasifAlt,,Pasif nokta okutmada eşleşmez,النقطة غير النشطة لا تُطابق أي مسح,,
nokta,noktaSilGovde,,"""{ad}"" kontrol noktası silinecek.","سيتم حذف نقطة التفتيش ""{ad}"".",,
nokta,noktaSilOnay,,Nokta silinsin mi?,حذف هذه النقطة؟,,
nokta,noktaSilindi,,Nokta silindi ✓,تم حذف النقطة ✓,,
nokta,noktaUidAlan,,NFC etiket UID,معرّف وسم NFC,,
nokta,noktaUidHelper,,Etiketin benzersiz kimliği (hex).,المعرّف الفريد للوسم (hex).,,
nokta,noktaUidIpucu,,örn. 04A2B3C4D5,مثال: 04A2B3C4D5,,
nokta,noktaUidZatenVar,,Bu NFC etiketi zaten kayıtlı.,وسم NFC هذا مسجّل بالفعل.,,
nokta,noktaUidZorunlu,,NFC UID zorunludur,معرّف NFC إلزامي,,
nokta,noktaYeniBaslik,,Yeni kontrol noktası,نقطة تفتيش جديدة,,
nokta,noktaYok,,"Henüz kontrol noktası yok.
Sağ alttan NFC noktası ekleyin.","لا توجد نقاط تفتيش بعد.
أضف نقطة NFC من أسفل اليمين.",,
okutma,okutmaBeklenmeyenHata,,Beklenmeyen hata: {detay},خطأ غير متوقع: {detay},,
okutma,okutmaImzaGecersiz,,Etiket imzası doğrulanamadı — sahte veya yanlış etiket olabilir.,تعذّر التحقق من توقيع الوسم — قد يكون وسماً مزيفاً أو خاطئاً.,,
okutma,okutmaTekrarEdilmis,,Bu okutma daha önce işlendi.,تمت معالجة هذا المسح سابقاً.,,
ortak,ortakAdGerekli,,Ad gerekli,الاسم مطلوب,,
ortak,ortakAdSoyad,,Ad Soyad,الاسم الكامل,,
ortak,ortakBeklenmeyenHata,,Beklenmeyen bir hata oluştu. Lütfen tekrar deneyin.,حدث خطأ غير متوقع. يُرجى المحاولة مرة أخرى.,,
ortak,ortakBolumYakinda,,Bu bölüm yakında,هذا القسم قريباً,,
ortak,ortakCepTelefonu,,Cep telefonu,رقم الجوال,,
ortak,ortakDaireNoIpucu,,örn. A-12,مثال: A-12,,
ortak,ortakDuzenle,,Düzenle,تعديل,,
ortak,ortakEkle,,Ekle,إضافة,,
ortak,ortakFotoBekleyinVeyaKaldir,,Fotoğraf henüz yüklenmedi. Yüklemenin bitmesini bekleyin veya fotoyu kaldırın.,لم يتم تحميل الصورة بعد. انتظر انتهاء التحميل أو أزل الصورة.,,
ortak,ortakFotoOnlineTekrarDene,,Fotoğraf yüklemek için internet bağlantısı gerekli. Bağlantı gelince tekrar deneyin.,يلزم اتصال بالإنترنت لتحميل الصورة. أعد المحاولة عند عودة الاتصال.,,
ortak,ortakFotograf,,Fotoğraf,صورة,,
ortak,ortakFotografiBuyut,,Fotoğrafı büyüt,تكبير الصورة,,
ortak,ortakGaleri,,Galeri,المعرض,,
ortak,ortakGeciciKodBaslik,,Geçici giriş kodu,رمز الدخول المؤقت,,
ortak,ortakGoster,,Göster,عرض,,
ortak,ortakGuncelle,,Güncelle,تحديث,,
ortak,ortakIptal,,İptal,إلغاء,,
ortak,ortakIslemler,,İşlemler,الإجراءات,,
ortak,ortakKapat,,Kapat,إغلاق,,
ortak,ortakKaydediliyor,,Kaydediliyor...,جارٍ الحفظ...,,
ortak,ortakKaydet,,Kaydet,حفظ,,
ortak,ortakKopyala,,Kopyala,نسخ,,
ortak,ortakKopyalandi,,Kopyalandı,تم النسخ,,
ortak,ortakNotOpsiyonel,,Not (opsiyonel),ملاحظة (اختياري),,
ortak,ortakOlustur,,Oluştur,إنشاء,,
ortak,ortakParolaZorunlu,,Parola zorunludur,كلمة المرور إلزامية,,
ortak,ortakParolalarEslesmiyor,,Parolalar eşleşmiyor,كلمتا المرور غير متطابقتين,,
ortak,ortakParolayiGizle,,Parolayı gizle,إخفاء كلمة المرور,,
ortak,ortakParolayiGoster,,Parolayı göster,إظهار كلمة المرور,,
ortak,ortakSil,,Sil,حذف,,
ortak,ortakTamam,,Tamam,حسناً,,
ortak,ortakTekrarDene,,Tekrar dene,حاول مرة أخرى,,
ortak,ortakTelefonIpucu,,örn. 0532 111 22 03,مثال: 0532 111 22 03,,
ortak,ortakTelefonZorunlu,,Telefon zorunludur,الهاتف إلزامي,,
ortak,ortakTumunuGor,,Tümünü Gör,عرض الكل,,
ortak,ortakVazgec,,Vazgeç,إلغاء,,
ortak,ortakYakinda,,Yakında,قريباً,,
ortak,ortakYeniParola,,Yeni parola,كلمة مرور جديدة,,
ortak,ortakYeniParolaTekrar,,Yeni parola (tekrar),كلمة المرور الجديدة (مرة أخرى),,
ortak,ortakYeniParolaZorunlu,,Yeni parola zorunludur,كلمة المرور الجديدة إلزامية,,
ortak,ortakYenidenDene,,Yeniden dene,إعادة المحاولة,,
ortak,ortakYenile,,Yenile,تحديث,,
ortak,ortakYuklenemedi,,Yüklenemedi,تعذّر التحميل,,
ortak,ortakYuzde,,%{yuzde},{yuzde}٪,,
ortak,ortakZorunluAlan,,{alan} zorunludur,{alan} مطلوب,,
otopark,otoparkAracListesi,,Araç geçişlerini aç,فتح حركات المركبات,,
otopark,otoparkBosEtiket,,Boş,شاغر,,
otopark,otoparkDoluEtiket,,Dolu,مشغول,,
otopark,otoparkDoluKapasite,"dolu,kapasite",{dolu} / {kapasite},{dolu} / {kapasite},,
otopark,otoparkKapasiteEtiket,,Kapasite,السعة,,
otopark,otoparkKapasiteTanimsiz,,Kapasite tanımlı değil — yalnız içerideki araç sayısı gösterilir,لم تُحدَّد السعة — يُعرض عدد المركبات بالداخل فقط,,
ozet,ozetBuAy,,Bu Ay,هذا الشهر,,
ozet,ozetOtoparkDoluluk,,Otopark Doluluk,إشغال المواقف,,
ozet,ozetSuAn,,Şu An,الآن,,
ozet,ozetTahsilatOrani,,Aidat Tahsilat Oranı,نسبة تحصيل الرسوم,,
ozet,ozetToplamDaire,,Toplam Daire,إجمالي الشقق,,
ozet,ozetToplamTahsilat,,Toplam Tahsilat,إجمالي المُحصَّل,,
ozet,ozetTumSite,,Tüm Site,المجمع بالكامل,,
parola,parolaBelirleAciklama,,Geçici kodla ilk girişinizi yaptınız. Devam etmek için kendi kalıcı parolanızı oluşturun; sonraki girişlerde daire no + bu parolayı kullanacaksınız.,لقد سجّلت الدخول لأول مرة برمز مؤقت. للمتابعة، أنشئ كلمة مرور دائمة خاصة بك؛ وستستخدم رقم الوحدة + كلمة المرور هذه في المرات القادمة.,,
parola,parolaBelirleBaslik,,Parolanızı belirleyin,حدّد كلمة المرور,,
parola,parolaBelirleButon,,Parolayı belirle,تعيين كلمة المرور,,
parola,parolaGiriseDon,,Girişe dön,العودة لتسجيل الدخول,,
parola,parolaKuraliBuyukHarf,,En az bir büyük harf içermeli,يجب أن تحتوي على حرف كبير واحد على الأقل,,
parola,parolaKuraliKisa,,En az 8 karakter olmalı,يجب أن تكون 8 أحرف على الأقل,,
parola,parolaKuraliRakam,,En az bir rakam içermeli,يجب أن تحتوي على رقم واحد على الأقل,,
parola,parolaKuraliSembol,,En az bir sembol içermeli (! ? @ # . -),يجب أن تحتوي على رمز واحد على الأقل (! ? @ # . -),,
personel,personelAktiflestir,,Aktifleştir,تنشيط,,
personel,personelAktiflestirildi,,Aktifleştirildi ✓,تم التنشيط ✓,,
personel,personelBosBirakDegismezNokta,,Boş bırakırsanız değişmez.,اتركه فارغاً ليبقى كما هو.,,
personel,personelDuzenle,,Personel düzenle,تعديل الموظف,,
personel,personelEkle,,Personel ekle,إضافة موظف,,
personel,personelEklendi,,Personel eklendi ✓,تمت إضافة الموظف ✓,,
personel,personelEklendiKod,,Personel eklendi. Bu kodu personele iletin; telefon + bu kod ile girip parolasını belirler.,تمت إضافة الموظف. سلّمه هذا الرمز؛ يسجّل الدخول بالهاتف + هذا الرمز ثم يحدّد كلمة المرور.,,
personel,personelFoto,,Fotoğraf,صورة,,
personel,personelGuncellendi,,Personel güncellendi ✓,تم تحديث الموظف ✓,,
personel,personelListelenemedi,,Personel listelenemedi.,تعذّر إدراج الموظفين.,,
personel,personelPasiflestir,,Pasifleştir,تعطيل,,
personel,personelPasiflestirildi,,Pasifleştirildi ✓,تم التعطيل ✓,,
personel,personelSifirlaGovde,,{ad} için yeni geçici kod üretilecek; eski parola geçersiz olur.,سيتم إنشاء رمز مؤقت جديد لـ {ad}؛ وتصبح كلمة المرور القديمة غير صالحة.,,
personel,personelTelefonOpsiyonel,,Cep telefonu (opsiyonel),رقم الجوال (اختياري),,
personel,personelYeniKodMesaji,,Yeni geçici kod. Personele iletin; telefon + bu kod ile girip parolasını belirler.,رمز مؤقت جديد. سلّمه للموظف؛ يسجّل الدخول بالهاتف + هذا الرمز ثم يحدّد كلمة المرور.,,
personel,personelYok,,"Henüz saha personeli yok.
Sağ alttan ekleyebilirsiniz.","لا يوجد موظفو ميدان بعد.
يمكنك الإضافة من أسفل اليمين.",,
profil,profilAranabilir,,Aranabilir,قابل للاتصال,,
profil,profilAranabilirAlt,,Yetkili roller (rıza gerektiren arama) numaranıza ulaşabilir,يمكن للأدوار المصرّح لها (اتصال يستلزم الموافقة) الوصول إلى رقمك,,
profil,profilFotoBaslik,,Profil fotoğrafı,صورة الملف الشخصي,,
profil,profilFotoGuncellendi,,Profil fotoğrafı güncellendi ✓,تم تحديث صورة الملف الشخصي ✓,,
profil,profilFotoKaldirildi,,Profil fotoğrafı kaldırıldı,تمت إزالة صورة الملف الشخصي,,
profil,profilFotoSec,,Fotoğraf seç,اختر صورة,,
profil,profilIletisimGuncellendi,,İletişim bilgileri güncellendi ✓,تم تحديث معلومات الاتصال ✓,,
profil,profilIletisimKaydet,,İletişimi kaydet,حفظ معلومات الاتصال,,
profil,profilMevcutParola,,Mevcut parola,كلمة المرور الحالية,,
profil,profilMevcutParolaZorunlu,,Mevcut parola zorunludur,كلمة المرور الحالية إلزامية,,
profil,profilNumaraYok,,Numara girilmemiş,لم يُدخل رقم,,
profil,profilParolaDegistir,,Parola değiştir,تغيير كلمة المرور,,
profil,profilParolaGuncelle,,Parolayı güncelle,تحديث كلمة المرور,,
profil,profilParolaGuncellendi,,Parola güncellendi ✓,تم تحديث كلمة المرور ✓,,
profil,profilTelefon,,Telefon,الهاتف,,
profil,profilTelefonIpucu,,örn. +905551112233,مثال: +905551112233,,
profil,profilYuklenemedi,,Profil yüklenemedi.,تعذّر تحميل الملف الشخصي.,,
rapor,raporAidat,,Aidat,الرسوم,,
rapor,raporAidatKayitYok,,Bu dönem için tahakkuk/ödeme kaydı yok.,لا سجلات استحقاق/دفع لهذه الفترة.,,
rapor,raporAyBaslik,"ay,yil",{ay} {yil},{ay} {yil},,
rapor,raporBaslik,,Aylık raporlar,التقارير الشهرية,,
rapor,raporGorevTamamlama,,Görev tamamlama,إنجاز المهام,,
rapor,raporGorevYok,,Bu ay görev tamamlaması yok.,لا إنجازات مهام هذا الشهر.,,
rapor,raporKalanBakiye,,Kalan bakiye,الرصيد المتبقي,,
rapor,raporOncekiAy,,Önceki ay,الشهر السابق,,
rapor,raporPencereYok,,Bu ay planlanmış devriye penceresi yok.,لا نوافذ دوريات مخططة هذا الشهر.,,
rapor,raporPlanlananPencere,,Planlanan pencere,النوافذ المخططة,,
rapor,raporSonTamamlamalar,,Son tamamlamalar (ilk 10),آخر الإنجازات (أول 10),,
rapor,raporSonrakiAy,,Sonraki ay,الشهر التالي,,
rapor,raporTahakkukDaire,n,Tahakkuk ({n} daire),"{n, plural, zero{المستحق (لا وحدات)} one{المستحق (وحدة واحدة)} two{المستحق (وحدتان)} few{المستحق ({n} وحدات)} many{المستحق ({n} وحدة)} other{المستحق ({n} وحدة)}}",,
rapor,raporTahsilatOdeme,n,Tahsilat ({n} ödeme),"{n, plural, zero{المُحصّل (لا مدفوعات)} one{المُحصّل (دفعة واحدة)} two{المُحصّل (دفعتان)} few{المُحصّل ({n} دفعات)} many{المُحصّل ({n} دفعة)} other{المُحصّل ({n} دفعة)}}",,
rapor,raporTamamlanmaYuzde,,Tamamlanma %{yuzde},الإنجاز {yuzde}٪,,
rapor,raporToplamTamamlama,,Toplam tamamlama,إجمالي الإنجازات,,
rapor,raporYetkiYok,,Aylık raporlar için yetkiniz yok. Bu ekran yönetici rolüne açıktır.,ليست لديك صلاحية للتقارير الشهرية. هذه الشاشة متاحة لدور مدير الموقع.,,
rez,rezAcikDuzenle,,Açık · düzenlemek için dokun,مفتوح · اضغط للتعديل,,
rez,rezAcilis,,Açılış: {saat},الافتتاح: {saat},,
rez,rezAlanAdi,,Alan adı * (örn. Havuz),اسم المنطقة * (مثال: المسبح),,
rez,rezAlanAdiGerekli,,Alan adı gerekli,اسم المنطقة مطلوب,,
rez,rezAlanDuzenle,,Alanı düzenle,تعديل المنطقة,,
rez,rezAlanEklendi,,Ortak alan eklendi ✓,تمت إضافة منطقة مشتركة ✓,,
rez,rezAlanEklenemedi,,Alan eklenemedi. Tekrar deneyin.,تعذّرت إضافة المنطقة. حاول مرة أخرى.,,
rez,rezAlanGuncellendi,,Alan güncellendi ✓,تم تحديث المنطقة ✓,,
rez,rezAlanYokGoruntuleme,,Görüntülenecek ortak alan yok.,لا توجد مناطق مشتركة للعرض.,,
rez,rezAlanYokSakin,,Rezerve edilebilir alan yok.,لا توجد مناطق قابلة للحجز.,,
rez,rezAlanYokYonetim,,"Henüz ortak alan yok. ""Yeni alan"" ile ekleyin.","لا توجد مناطق مشتركة بعد. أضف واحدة عبر ""منطقة جديدة"".",,
rez,rezAlaniEkle,,Alanı ekle,إضافة المنطقة,,
rez,rezBenimAktif,,Rezervasyonum (aktif),حجزي (نشط),,
rez,rezBenimGecti,,Rezervasyonum (geçti),حجزي (منتهٍ),,
rez,rezBos,,Boş,متاح,,
rez,rezDetayKisi,,Kişi sayısı: {n},عدد الأشخاص: {n},,
rez,rezDetayNot,,Not: {not},ملاحظة: {not},,
rez,rezDetayRezerve,,Rezerve: {zaman},تم الحجز: {zaman},,
rez,rezDetayTarih,"tarih,baslangic,bitis",Tarih: {tarih} · {baslangic}-{bitis},التاريخ: {tarih} · {baslangic}-{bitis},,
rez,rezDolu,,Dolu,محجوز,,
rez,rezDoluBaskasi,,Dolu (başkası),محجوز (شخص آخر),,
rez,rezDoluDaire,"daire,kisi",Dolu · Daire {daire}{kisi},محجوز · الوحدة {daire}{kisi},,
rez,rezDurumOnayli,,Onaylı,مؤكَّد,,
rez,rezEt,,Rezerve et,احجز,,
rez,rezEtBaslik,,{ad} — rezerve et,{ad} — احجز,,
rez,rezEvetIptalEt,,"Evet, iptal et",نعم، إلغاء,,
rez,rezGonderilemedi,,Gönderilemedi. Tekrar deneyin.,تعذّر الإرسال. حاول مرة أخرى.,,
rez,rezIptalEdildi,,İptal edildi,أُلغيت,,
rez,rezIptalEdildiBildirim,,Rezervasyon iptal edildi,تم إلغاء الحجز,,
rez,rezIptalEdilsinMi,,Rezervasyon iptal edilsin mi?,هل يُلغى الحجز؟,,
rez,rezIptalEt,,İptal et,إلغاء,,
rez,rezIptalGonderilemedi,,İptal gönderilemedi. Tekrar deneyin.,تعذّر إرسال الإلغاء. حاول مرة أخرى.,,
rez,rezIptalUyari,,Slot yeniden boşa çıkar; bu işlem geri alınamaz.,تعود الفترة متاحة؛ لا يمكن التراجع عن هذه العملية.,,
rez,rezKapaliDuzenle,,Kapalı · düzenlemek için dokun,مغلق · اضغط للتعديل,,
rez,rezKapanis,,Kapanış: {saat},الإغلاق: {saat},,
rez,rezKapanisSonra,,Kapanış saati açılıştan sonra olmalı.,يجب أن يكون وقت الإغلاق بعد وقت الافتتاح.,,
rez,rezKisiEki,, · {n} kişi, · {n} أشخاص,,
rez,rezKisiSayisiEtiket,,Kişi sayısı:,عدد الأشخاص:,,
rez,rezMusait,,Müsait: {ozet},متاح: {ozet},,
rez,rezMusaitOzeti,"acilis,kapanis,dakika",{acilis}–{kapanis} · {dakika} dk slot,{acilis}–{kapanis} · فترة {dakika} د,,
rez,rezMusaitSlotlariGor,,Müsait: {ozet} · dokunup slotları gör,متاح: {ozet} · اضغط لعرض الفترات,,
rez,rezMusaitlikHerGun,,Müsaitlik (her gün),التوفر (كل يوم),,
rez,rezOnaylandi,,Rezervasyonunuz onaylandı ✓,تم تأكيد حجزك ✓,,
rez,rezOrtakAlan,,Ortak alan,منطقة مشتركة,,
rez,rezPasifAlan,,Pasif (rezerve edilemez),غير نشط (غير قابل للحجز),,
rez,rezSatirOzet,"tarih,baslangic,bitis,kisi",{tarih} · {baslangic}-{bitis} · {kisi} kişi,{tarih} · {baslangic}-{bitis} · {kisi} أشخاص,,
rez,rezSebepCokErken,,24s içinde açılır,يُفتح خلال ٢٤ ساعة,,
rez,rezSebepDolu,,dolu,محجوز,,
rez,rezSebepGecti,,geçti,منتهٍ,,
rez,rezSebepGunluk,,günlük hakkınız dolu,استُنفد حقك اليومي,,
rez,rezSec,,Seç,اختر,,
rez,rezSekmeAlanlar,,Alanlar ({n}),المناطق ({n}),,
rez,rezSekmeRezervasyonlar,,Rezervasyonlar ({n}),الحجوزات ({n}),,
rez,rezSizin,,Rezervasyonunuz,حجزك,,
rez,rezSizinGecti,,Rezervasyonunuz (geçti),حجزك (منتهٍ),,
rez,rezSlotAralik,"baslangic,bitis",{baslangic} – {bitis},{baslangic} – {bitis},,
rez,rezSlotDakika,,{n} dakika,{n} دقيقة,,
rez,rezSlotKurali,,Slot yalnızca başlangıcına 24 saatten az kala açılır; günde en fazla bir rezervasyon yapabilirsiniz.,تُفتح الفترة فقط قبل بدايتها بأقل من ٢٤ ساعة؛ ويمكنك حجز واحد كحد أقصى يومياً.,,
rez,rezSlotUzunlugu,,Slot uzunluğu,طول الفترة,,
rez,rezSlotYok,,Bu alan için tanımlı slot yok.,لا توجد فترات معرّفة لهذه المنطقة.,,
rez,rezSlotlarYuklenemedi,,Slotlar yüklenemedi. Tekrar deneyin.,تعذّر تحميل الفترات. حاول مرة أخرى.,,
rez,rezTarihEtiket,,Tarih: {tarih},التاريخ: {tarih},,
rez,rezYeniAlan,,Yeni alan,منطقة جديدة,,
rez,rezYeniOrtakAlan,,Yeni ortak alan,منطقة مشتركة جديدة,,
rez,rezYok,,Rezervasyon yok.,لا توجد حجوزات.,,
rez,rezYokSakin,,"Rezervasyonunuz yok. ""Alanlar"" sekmesinden bir alan seçip boş bir slotu ayırtın.","ليست لديك حجوزات. اختر منطقة من تبويب ""المناطق"" واحجز فترة متاحة.",,
rol,rolAdmin,,Platform Admini,مدير المنصة,,
rol,rolBilinmeyen,,Bilinmeyen rol,دور غير معروف,,
rol,rolGuvenlik,,Güvenlik,الأمن,,
rol,rolSakin,,Site Sakini,ساكن,,
rol,rolTesisGorevlisi,,Tesis Görevlisi,مسؤول المنشأة,,
rol,rolYonetici,,Site Yöneticisi,مدير الموقع,,
sakin,sakinBaslik,,Site Sakinleri,سكان المجمّع,,
sakin,sakinBosBirakDegismez,,Boş bırakırsanız değişmez,اتركه فارغاً ليبقى كما هو,,
sakin,sakinBosBirakKod,,Boş bırakırsanız geçici kod üretilir,اتركه فارغاً ليتم إنشاء رمز مؤقت,,
sakin,sakinDaireNoZorunlu,,Daire no zorunludur,رقم الوحدة إلزامي,,
sakin,sakinDaireYok,,Daire atanmamış,لم تُخصَّص وحدة,,
sakin,sakinDuzenleBaslik,,Sakini düzenle,تعديل الساكن,,
sakin,sakinEkle,,Sakin ekle,إضافة ساكن,,
sakin,sakinEklendi,,Sakin eklendi ✓,تمت إضافة الساكن ✓,,
sakin,sakinEklendiKod,,Sakin eklendi. Bu kodu sakine iletin; telefon + bu kod ile girip parolasını belirler.,تمت إضافة الساكن. سلّمه هذا الرمز؛ يسجّل الدخول بالهاتف + هذا الرمز ثم يحدّد كلمة المرور.,,
sakin,sakinGirisAnahtari,,Giriş anahtarı (global benzersiz).,مفتاح تسجيل الدخول (فريد عالمياً).,,
sakin,sakinGuncellendi,,Güncellendi ✓,تم التحديث ✓,,
sakin,sakinIslemleri,,Sakin işlemleri,إجراءات الساكن,,
sakin,sakinListelenemedi,,Sakinler listelenemedi.,تعذّر إدراج السكان.,,
sakin,sakinParolaOpsiyonel,,Parola (opsiyonel),كلمة المرور (اختياري),,
sakin,sakinParolaSifirla,,Parola sıfırla,إعادة تعيين كلمة المرور,,
sakin,sakinParolaSifirlaGovde,,"""{ad}"" için yeni geçici kod üretilir; eski parolası geçersiz olur. Kullanıcı telefon + yeni kod ile girip parolasını belirler.","سيتم إنشاء رمز مؤقت جديد لـ ""{ad}""؛ وتصبح كلمة المرور القديمة غير صالحة. يسجّل المستخدم الدخول بالهاتف + الرمز الجديد ثم يحدّد كلمة المرور.",,
sakin,sakinParolaSifirlaOnay,,Parola sıfırlansın mı?,إعادة تعيين كلمة المرور؟,,
sakin,sakinPasiflestirildi,,"""{ad}"" pasifleştirildi — geçmişi var (numara serbest)","تم تعطيل ""{ad}"" — لديه سجل (تم تحرير الرقم)",,
sakin,sakinSifirla,,Sıfırla,إعادة تعيين,,
sakin,sakinSilGovde,,"""{ad}"" silinir. Geçmiş kaydı yoksa tamamen silinir; varsa pasifleşir. Her durumda telefon numarası serbest kalır (aynı numarayla yeniden kayıt yapılabilir).","سيُحذف ""{ad}"". إذا لم يكن له سجل يُحذف نهائياً؛ وإلا يصبح غير نشط. في كل الحالات يُحرَّر رقم الهاتف (يمكن التسجيل به مجدداً).",,
sakin,sakinSilOnay,,Sakini sil?,حذف الساكن؟,,
sakin,sakinSilindi,,"""{ad}"" silindi (numara serbest)","تم حذف ""{ad}"" (تم تحرير الرقم)",,
sakin,sakinYeniKodMesaji,,"""{ad}"" için yeni geçici kod. Sakine iletin; telefon + bu kod ile girip parolasını belirler.","رمز مؤقت جديد لـ ""{ad}"". سلّمه للساكن؛ يسجّل الدخول بالهاتف + هذا الرمز ثم يحدّد كلمة المرور.",,
sakin,sakinYeniTelefon,,Yeni cep telefonu,رقم جوال جديد,,
sakin,sakinYok,,"Henüz site sakini yok.
Sağ alttan ekleyebilirsiniz.","لا يوجد سكان بعد.
يمكنك الإضافة من أسفل اليمين.",,
sayac,sayacAcik,,{n} Açık,"{n, plural, zero{لا يوجد مفتوح} one{مفتوح واحد} two{مفتوحان} few{{n} مفتوحة} many{{n} مفتوحاً} other{{n} مفتوح}}",,
sayac,sayacAktif,,{n} Aktif,"{n, plural, zero{لا وردية نشطة} one{وردية نشطة} two{ورديتان نشطتان} few{{n} ورديات نشطة} many{{n} وردية نشطة} other{{n} وردية نشطة}}",,
sayac,sayacArac,,{n} araç,"{n, plural, zero{لا مركبات} one{مركبة واحدة} two{مركبتان} few{{n} مركبات} many{{n} مركبة} other{{n} مركبة}}",,
sayac,sayacBekleyen,,{n} bekleyen,"{n, plural, zero{لا شيء بالانتظار} one{واحد بالانتظار} two{اثنان بالانتظار} few{{n} بالانتظار} many{{n} بالانتظار} other{{n} بالانتظار}}",,
sayac,sayacBekliyor,,{n} Bekliyor,"{n, plural, zero{لا شيء بالانتظار} one{عنصر واحد بالانتظار} two{عنصران بالانتظار} few{{n} عناصر بالانتظار} many{{n} عنصراً بالانتظار} other{{n} بالانتظار}}",,
sayac,sayacDaire,,{n} Daire,"{n, plural, zero{لا شقق} one{شقة واحدة} two{شقتان} few{{n} شقق} many{{n} شقة} other{{n} شقة}}",,
sayac,sayacGiris,,{n} Giriş,"{n, plural, zero{لا دخول} one{دخول واحد} two{دخولان} few{{n} دخولات} many{{n} دخولاً} other{{n} دخول}}",,
sayac,sayacGorevli,,{n} Görevli,"{n, plural, zero{لا موظفين} one{موظف واحد} two{موظفان} few{{n} موظفين} many{{n} موظفاً} other{{n} موظف}}",,
sayac,sayacIceride,,{n} İçeride,"{n, plural, zero{لا أحد بالداخل} one{شخص واحد بالداخل} two{شخصان بالداخل} few{{n} أشخاص بالداخل} many{{n} شخصاً بالداخل} other{{n} بالداخل}}",,
sayac,sayacKayit,,{n} Kayıt,"{n, plural, zero{لا سجلات} one{سجل واحد} two{سجلان} few{{n} سجلات} many{{n} سجلاً} other{{n} سجل}}",,
sayac,sayacYaklasan,,{n} Yaklaşan,"{n, plural, zero{لا قادم} one{واحد قادم} two{اثنان قادمان} few{{n} قادمة} many{{n} قادماً} other{{n} قادم}}",,
sayac,sayacYeni,,{n} Yeni,"{n, plural, zero{لا جديد} one{واحد جديد} two{اثنان جديدان} few{{n} جديدة} many{{n} جديداً} other{{n} جديد}}",,
sayac,sayacZimmetli,,{n} Zimmetli,"{n, plural, zero{لا عهدة} one{عهدة واحدة} two{عهدتان} few{{n} عُهَد} many{{n} عهدة} other{{n} عهدة}}",,
seffaf,seffafAidatToplama,,Aidat toplama,تحصيل الرسوم,,
seffaf,seffafAyYayinlandi,,Ay yayınlandı.,تم نشر الشهر.,,
seffaf,seffafGecikmede,n,Gecikmede {n} daire,"{n, plural, zero{لا وحدات متأخرة} one{وحدة واحدة متأخرة} two{وحدتان متأخرتان} few{{n} وحدات متأخرة} many{{n} وحدة متأخرة} other{{n} وحدة متأخرة}}",,
seffaf,seffafGiderDagilimi,,Gider dağılımı,توزيع المصروفات,,
seffaf,seffafGiderYok,,Bu ay gider kaydı yok.,لا مصروفات مسجّلة هذا الشهر.,,
seffaf,seffafNet,,Net,الصافي,,
seffaf,seffafOdeyenDaire,"odeyen,toplam",Ödeyen daire: {odeyen}/{toplam},الوحدات الدافعة: {odeyen}/{toplam},,
seffaf,seffafOncekiAyNet,,Önceki ay net: {tutar},صافي الشهر السابق: {tutar},,
seffaf,seffafOnizlemeAlt,,Yalnızca yönetim görüyor (önizleme).,الإدارة فقط تراه (معاينة).,,
seffaf,seffafOnizlemeUyari,,Önizleme — henüz yayınlanmadı.,معاينة — لم يُنشر بعد.,,
seffaf,seffafOzetBaslik,,{ay} — Özet,{ay} — الملخص,,
seffaf,seffafTahakkukYok,,Bu ay için tahakkuk yok.,لا استحقاق لهذا الشهر.,,
seffaf,seffafTahsilatSatir,"tahsilat,tahakkuk,yuzde",Tahsilat: {tahsilat} / {tahakkuk}  (tutar: %{yuzde}),المُحصّل: {tahsilat} / {tahakkuk}  (المبلغ: {yuzde}٪),,
seffaf,seffafTaslakEki,, • taslak, • مسودة,,
seffaf,seffafToplamGelir,,Toplam gelir,إجمالي الإيرادات,,
seffaf,seffafToplamGider,,Toplam gider,إجمالي المصروفات,,
seffaf,seffafVeriYok,,Yönetim henüz özet yayınlamadı.,لم تنشر الإدارة ملخصاً بعد.,,
seffaf,seffafVeriYokYonetim,,Henüz finansal veri yok. Gelir/gider veya aidat girildiğinde aylar burada listelenir.,لا توجد بيانات مالية بعد. تظهر الأشهر هنا بعد إدخال الإيرادات/المصروفات أو الرسوم.,,
seffaf,seffafYayinGeriAlindi,,Yayın geri alındı.,تم سحب النشر.,,
seffaf,seffafYayindaAlt,,Sakinler bu özeti görüyor.,السكان يرون هذا الملخص.,,
seffaf,seffafYayinla,,Bu ayı yayınla,انشر هذا الشهر,,
seffaf,seffafYuklenemedi,,Yüklenemedi. Lütfen tekrar deneyin.,تعذّر التحميل. الرجاء المحاولة مرة أخرى.,,
sekme,sekmeAnaSayfa,,Ana Sayfa,الرئيسية,,
sekme,sekmeAyarlar,,Ayarlar,الإعدادات,,
sekme,sekmeBildirimler,,Bildirimler,الإشعارات,,
sekme,sekmeBugun,,Bugün,اليوم,,
sekme,sekmeGecmis,,Geçmiş,السجل,,
sekme,sekmeRaporlar,,Raporlar,التقارير,,
sekme,sekmeTaramaGunlugu,,Tarama günlüğü,سجل المسح,,
sema,semaAcikSikayet,n,{n} açık şikayet,"{n, plural, zero{لا شكاوى مفتوحة} one{شكوى مفتوحة واحدة} two{شكويان مفتوحتان} few{{n} شكاوى مفتوحة} many{{n} شكوى مفتوحة} other{{n} شكوى مفتوحة}}",,
sema,semaAcikSikayetYok,,Bu daire için açık şikayet yok.,لا توجد شكاوى مفتوحة لهذه الوحدة.,,
sema,semaBuDaireSikayetlerim,,Bu daire için şikayetleriniz,شكاواك بشأن هذه الوحدة,,
sema,semaBuDaireyiSikayetEt,,Bu daireyi şikayet et,الإبلاغ عن هذه الوحدة,,
sema,semaDaireEtiket,,Daire {no},الوحدة {no},,
sema,semaDaireYok,,Henüz daire yok.,لا توجد وحدات بعد.,,
sema,semaGonderilemedi,,Gönderilemedi. Lütfen tekrar deneyin.,تعذّر الإرسال. حاول مرة أخرى.,,
sema,semaHaftalikSinir,,Bu daire için bu konuda haftada en fazla 1 şikayet açabilirsiniz.,يمكنك تقديم شكوى واحدة كحد أقصى أسبوعياً بهذا الشأن لهذه الوحدة.,,
sema,semaKapatildi,,Kapatıldı,مُغلقة,,
sema,semaKendiBlok,,Yalnızca kendi bloğunuzdaki daireleri şikayet edebilirsiniz.,يمكنك الإبلاغ عن وحدات في مبناك فقط.,,
sema,semaSikayetAnonimNot,,Şikayetiniz yönetime iletilir; komşularınıza gösterilmez.,تُرسل شكواك إلى الإدارة؛ ولا تُعرض على جيرانك.,,
sema,semaSikayetEtBaslik,,Daire {no} — şikayet et,الوحدة {no} — إبلاغ,,
sema,semaSikayetIletildi,,Şikayetiniz iletildi.,تم إرسال شكواك.,,
sema,semaSikayetiGonder,,Şikayeti gönder,إرسال الشكوى,,
sema,semaSikayetimYok,,Bu daireye şikayetiniz yok.,ليست لديك شكاوى بشأن هذه الوحدة.,,
sema,semaSikayetlerYuklenemedi,,Şikayetler yüklenemedi.,تعذّر تحميل الشكاوى.,,
sema,semaSikayetlerimYuklenemedi,,Şikayetleriniz yüklenemedi.,تعذّر تحميل شكاواك.,,
sema,semaYerlesimAciklama,,Bina yerleşimi. Şikayet yoğunluğu yalnızca yönetime gösterilir.,توزيع المبنى. تُعرض كثافة الشكاوى للإدارة فقط.,,
sema,semaYerlesimGirilmemis,,Haritada yerleşimi girilmemiş,لم يُدخل التوزيع على الخريطة,,
sema,semaYogunluk,,Yoğunluk:,الكثافة:,,
sema,semaYogunlukYonetim,,Şikayet yoğunluğu yalnızca yönetime gösterilir.,تُعرض كثافة الشكاوى للإدارة فقط.,,
sema,semaYonetimeIletildi,,Yönetime iletildi,أُرسلت إلى الإدارة,,
sikayet,sikayetDurumKapandi,,Kapandı,مغلقة,,
sikayet,sikayetSatirBaslik,"daire,kategori",Daire {daire} · {kategori},الوحدة {daire} · {kategori},,
sikayet,sikayetYokSakin,,"Henüz şikayet açmadınız.
Şikayet Haritası’ndan bir daire seçip şikayet edebilirsiniz.","لم تفتح أي شكوى بعد.
اختر وحدة من خريطة الشكاوى لتقديم شكوى.",,
sure,sureDakikaSaniye,"dakika,saniye",{dakika} dk {saniye} sn,{dakika} د {saniye} ث,,
sure,sureSaatDakika,"saat,dakika",{saat} sa {dakika} dk,{saat} س {dakika} د,,
sure,sureSaniye,,{saniye} sn,{saniye} ث,,
talep,talepAcanSakin,,Sakin,ساكن,,
talep,talepAcikYok,,Açık talep yok.,لا توجد طلبات مفتوحة.,,
talep,talepAcikYokSakin,,"Açık talebiniz yok. ""Yeni talep"" ile talep/arızanızı iletebilirsiniz.","ليست لديك طلبات مفتوحة. استخدم ""طلب جديد"" لإرسال طلبك أو عطلك.",,
talep,talepAciklamaAlan,,Açıklama,الوصف,,
talep,talepAciklamaZorunlu,,Açıklama zorunludur,الوصف مطلوب,,
talep,talepAtanabilirPersonelYok,,Atanabilir aktif saha personeli yok. Dönüştürmek için önce security/tesis görevlisi ekleyin.,لا يوجد عاملون ميدانيون نشطون للإسناد. أضف أولاً أمناً أو مسؤول منشأة لتتمكن من التحويل.,,
talep,talepBaslikAlan,,Başlık,العنوان,,
talep,talepBaslikZorunlu,,Başlık zorunludur,العنوان مطلوب,,
talep,talepCoz,,Çöz,حل,,
talep,talepCozBaslik,,Talebi çöz,حل الطلب,,
talep,talepCozNot,,Talep iş emri açmadan doğrudan çözüldü olarak işaretlenir.,يُعلَّم الطلب كمحلول مباشرة دون إنشاء أمر عمل.,,
talep,talepCozuldu,,Talep çözüldü ✓,تم حل الطلب ✓,,
talep,talepCozulenYok,,Henüz çözülen talep yok.,لا توجد طلبات محلولة بعد.,,
talep,talepCozumNotu,,Çözüm notu (opsiyonel),ملاحظة الحل (اختياري),,
talep,talepDonustur,,Dönüştür,تحويل,,
talep,talepDonusturuluyor,,Dönüştürülüyor...,جارٍ التحويل...,,
talep,talepDurumAcik,,Açık,مفتوح,,
talep,talepDurumCozuldu,,Çözüldü,تم الحل,,
talep,talepDurumGecmisi,,Durum geçmişi,سجل الحالة,,
talep,talepDurumIsEmri,,İş Emri,أمر عمل,,
talep,talepDurumReddedildi,,Reddedildi,مرفوض,,
talep,talepFotoYuklenemedi,,Fotoğraf yüklenemedi.,تعذّر تحميل الصورة.,,
talep,talepGonder,,Gönder,إرسال,,
talep,talepGorselYuklenemedi,,Görsel yüklenemedi,تعذّر تحميل الصورة,,
talep,talepGorseller,,"Görseller (opsiyonel, en fazla 3)",الصور (اختياري، ٣ كحد أقصى),,
talep,talepIletildi,,Talebiniz iletildi ✓,تم إرسال طلبك ✓,,
talep,talepIsEmri,,İş emri,أمر عمل,,
talep,talepIsEmriAtandi,,Atandı,مُسند,,
talep,talepIsEmriDurumBilinmiyor,,Durum bilinmiyor,الحالة غير معروفة,,
talep,talepIsEmriTamamlandi,,Tamamlandı,مُنجز,,
talep,talepIsEmriYok,,İş emrine dönüşen talep yok.,لا توجد طلبات حُوّلت إلى أمر عمل.,,
talep,talepIsEmrineDonustur,,İş emrine dönüştür,تحويل إلى أمر عمل,,
talep,talepIsEmrineDonusturBuyuk,,İş Emrine Dönüştür,تحويل إلى أمر عمل,,
talep,talepIsEmrineDonusturuldu,,Talep iş emrine dönüştürüldü ✓,تم تحويل الطلب إلى أمر عمل ✓,,
talep,talepKategoriOpsiyonel,,Kategori (opsiyonel),الفئة (اختياري),,
talep,talepKategoriYok,,"Tanımlı kategori yok; talep ""Diğer"" olarak açılır.","لا توجد فئات معرّفة؛ سيُفتح الطلب كـ ""أخرى"".",,
talep,talepKategorilerYuklenemedi,,Kategoriler yüklenemedi.,تعذّر تحميل الفئات.,,
talep,talepPersonelAlinamadiKisa,,Personel listesi alınamadı.,تعذّر جلب قائمة العاملين.,,
talep,talepRedBaslik,,Talebi reddet,رفض الطلب,,
talep,talepReddedildiBildirim,,Talep reddedildi ✓,تم رفض الطلب ✓,,
talep,talepReddedilenYok,,Reddedilen talep yok.,لا توجد طلبات مرفوضة.,,
talep,talepReddediliyor,,Reddediliyor...,جارٍ الرفض...,,
talep,talepReddet,,Reddet,رفض,,
talep,talepReddetBaslik,,Talebi reddet,رفض الطلب,,
talep,talepRetSebebi,,Ret sebebi,سبب الرفض,,
talep,talepRetSebebiNot,,Ret sebebi talebi açan kişiye durum geçmişinde görünür.,يظهر سبب الرفض لمقدّم الطلب في سجل الحالة.,,
talep,talepSekmeAcik,,Açık ({n}),مفتوح ({n}),,
talep,talepSekmeCozulen,,Çözülen ({n}),محلولة ({n}),,
talep,talepSekmeIsEmri,,İş Emri ({n}),أمر عمل ({n}),,
talep,talepSekmeReddedilen,,Reddedilen ({n}),مرفوضة ({n}),,
talep,talepYeni,,Yeni talep,طلب جديد,,
talep,talepYeniBaslik,,Yeni talep / arıza,طلب / عطل جديد,,
talep,talepYoneticiIslemleri,,Yönetici işlemleri,إجراءات المدير,,
tesis,tesisAdiAciklama,,Ana ekranın başlığında görünür; tüm kullanıcılar bu adı görür.,يظهر في عنوان الشاشة الرئيسية؛ يراه جميع المستخدمين.,,
tesis,tesisAdiGuncellendi,,Tesis adı güncellendi,تم تحديث اسم المجمّع,,
tesis,tesisAdiIpucu,,Örn. Örnek Sitesi,مثال: مجمّع نموذجي,,
tesis,tesisAdiKisa,,Tesis adı en az 2 karakter olmalı,يجب أن يكون اسم المجمّع حرفين على الأقل,,
tesis,tesisKurulumAciklama,,Yönetici olarak ilk girişinizi yaptınız. Devam etmek için sitenizin/tesisinizin adını girin. Bu adı daha sonra ayarlardan değiştirebilirsiniz.,لقد سجّلت الدخول كمدير لأول مرة. للمتابعة، أدخل اسم مجمّعك؛ ويمكنك تغييره لاحقاً من الإعدادات.,,
tesis,tesisKurulumBaslik,,Tesisinizi tanımlayın,عرّف مجمّعك,,
tesis,tesisOlustur,,Tesisi oluştur,إنشاء المجمّع,,
vardiya,vardiyaAtanabilirYok,,Atanabilir personel yok,لا يوجد موظفون قابلون للتعيين,,
vardiya,vardiyaBaslik,,Vardiyalar,الورديات,,
vardiya,vardiyaPersonelAta,,Personel Ata,تعيين موظفين,,
vardiya,vardiyaPersonelBaslik,,{ad} — Personel,{ad} — الموظفون,,
vardiya,vardiyaPersonelGuncellendi,,Vardiya personeli güncellendi ✓,تم تحديث موظفي الوردية ✓,,
vardiya,vardiyaPersonelYuklenemedi,,Personel yüklenemedi.,تعذّر تحميل الموظفين.,,
vardiya,vardiyaSaatAraligi,"baslangic,bitis,gunTipi",{baslangic} - {bitis} • {gunTipi},{baslangic} - {bitis} • {gunTipi},,
vardiya,vardiyaTanimYok,,Vardiya tanımı yok,لا توجد ورديات معرّفة,,
vardiya,vardiyaYuklenemedi,,Vardiyalar yüklenemedi.,تعذّر تحميل الورديات.,,
yon,yonIletisimAlinamadi,,Yönetici bilgileri alınamadı.,تعذّر جلب بيانات الإدارة.,,
yon,yonIletisimAra,,Yöneticiyi Ara,اتصل بالمدير,,
yon,yonIletisimBaslik,,Yönetici İletişim,التواصل مع الإدارة,,
yon,yonIletisimMail,,Yönetim maili,بريد الإدارة,,
yon,yonIletisimTanimliDegil,,Yönetici iletişim bilgisi tanımlı değil.,لم تُعرَّف بيانات تواصل الإدارة.,,
yuzde,yuzdeDeger,,%{oran},{oran}٪,,
ziyaret,ziyaretAdAlan,,Ziyaretçi adı *,اسم الزائر *,,
ziyaret,ziyaretAdGerekli,,Ziyaretçi adı gerekli,اسم الزائر مطلوب,,
ziyaret,ziyaretBildirilecekSakin,,Bildirilecek sakin *,الساكن المراد إبلاغه *,,
ziyaret,ziyaretBildirilenSakin,,Bildirilen sakin: {ad},الساكن المُبلَّغ: {ad},,
ziyaret,ziyaretBilgileriDuzenle,,Bilgileri düzenle,تعديل البيانات,,
ziyaret,ziyaretDuzenleAlt,,"Ad, daire, bildirilen sakin ve notu güncelleyebilirsiniz.",يمكنك تحديث الاسم والوحدة والساكن المُبلَّغ والملاحظة.,,
ziyaret,ziyaretDuzenleBaslik,,Ziyaretçi düzenle,تعديل الزائر,,
ziyaret,ziyaretGuncellendi,,Ziyaretçi bilgileri güncellendi ✓,تم تحديث بيانات الزائر ✓,,
ziyaret,ziyaretGuvenligiAra,,Güvenliği ara,اتصل بالأمن,,
ziyaret,ziyaretKaydedildi,,Ziyaretçi kaydedildi — daire sakinine bildirildi ✓,تم تسجيل الزائر — أُبلغ ساكن الوحدة ✓,,
ziyaret,ziyaretKaydetVeBildir,,Kaydet ve sakine bildir,احفظ وأبلغ الساكن,,
ziyaret,ziyaretOnceDaireNo,,Önce daire no girin,أدخل رقم الوحدة أولاً,,
ziyaret,ziyaretSakiniAra,,Sakini ara,اتصل بالساكن,,
ziyaret,ziyaretSakiniSecin,,Bildirilecek sakini seçin,اختر الساكن المراد إبلاغه,,
ziyaret,ziyaretSakinleriGetir,,Sakinleri getir,إحضار السكان,,
ziyaret,ziyaretYeni,,Yeni ziyaretçi,زائر جديد,,
ziyaret,ziyaretYeniAlt,,Sakine yalnızca bilgilendirme gider (onay istenmez).,يُرسل للساكن إشعار فقط (لا يُطلب أي موافقة).,,
ziyaret,ziyaretYokGuvenlik,,Henüz ziyaretçi kaydı yok.,لا توجد سجلات زوار بعد.,,
ziyaret,ziyaretYokSakin,,Size iletilen ziyaretçi kaydı yok.,لا توجد سجلات زوار مُبلَّغة إليك.,,
ziyaretci,ziyaretciDaireSakinYok,,Bu dairede aktif sakin yok,لا يوجد ساكن نشط في هذه الوحدة,,
