modul,anahtar,yer_tutucular,turkce_kaynak,ru_mevcut,ru_duzeltme,not
aidat,aidatBakiye,,Bakiye,Остаток,,
aidat,aidatBaslik,,Aidatım,Мои взносы,,
aidat,aidatBorcVar,,Borç var,Есть долг,,
aidat,aidatBorcYok,,Borç yok,Долга нет,,
aidat,aidatDaireYok,,Üzerinize kayıtlı daire bulunamadı. Yönetiminizle iletişime geçin.,На вас не зарегистрирована квартира. Обратитесь к управлению.,,
aidat,aidatDurumBasarili,,Başarılı,Успешно,,
aidat,aidatDurumIptal,,İptal,Отменён,,
aidat,aidatHesapSatiri,"tahakkuk,odenen,bakiye",Tahakkuk {tahakkuk} - ödenen {odenen} = {bakiye},Начислено {tahakkuk} - оплачено {odenen} = {bakiye},,
aidat,aidatMakbuz,,Makbuz: {no},Квитанция: {no},,
aidat,aidatOdemeDurumuNotu,,Ödeme durumu yalnızca ödeme sağlayıcısından gelen onayla güncellenir; sorularınız için yönetiminize başvurun.,Статус платежа обновляется только по подтверждению от платёжного провайдера; с вопросами обращайтесь к управлению.,,
aidat,aidatOdemeler,n,Ödemeler ({n}),"{n, plural, one{Платёж ({n})} few{Платежа ({n})} many{Платежей ({n})} other{Платежей ({n})}}",,
aidat,aidatSonOdeme,,Son ödeme: {tarih},Срок оплаты: {tarih},,
aidat,aidatTahakkuklar,n,Tahakkuklar ({n}),"{n, plural, one{Начисление ({n})} few{Начисления ({n})} many{Начислений ({n})} other{Начислений ({n})}}",,
aidat,aidatToplamBakiye,,Toplam bakiye (tüm daireler),Общий остаток (все квартиры),,
aidat,aidatToplamOdenen,,Toplam ödenen,Всего оплачено,,
aidat,aidatToplamTahakkuk,,Toplam tahakkuk,Всего начислено,,
aidat,aidatYetkiYok,,Aidat bilgisi yalnızca site sakini hesabına açıktır.,Информация о взносах доступна только жителям.,,
aidat,aidatYontemDiger,,Diğer,Другое,,
aidat,aidatYontemElden,,Elden,Наличными,,
aidat,aidatYontemHavale,,Havale/EFT,Банковский перевод,,
aidat,aidatYontemKart,,Kart,Карта,,
akis,akisAidatOdemesi,,Aidat Ödemesi,Оплата взносов,,
akis,akisAlarmEksikCheckpoint,,Eksik Kontrol Noktası,Пропущенная контрольная точка,,
akis,akisAlarmGecikmisOkutma,,Gecikmiş Okutma,Позднее сканирование,,
akis,akisAlarmKacirilanTur,,Kaçırılan Tur,Пропущенный обход,,
akis,akisAltAdDaire,"ad,daire",{ad} — Daire {daire},{ad} — кв. {daire},,
akis,akisAltDaireKategori,"daire,kategori",Daire {daire} — {kategori},Кв. {daire} — {kategori},,
akis,akisAltDaireTutar,"daire,tutar",Daire {daire} — {tutar},Кв. {daire} — {tutar},,
akis,akisAltMetinKonum,"metin,konum",{metin} — {konum},{metin} — {konum},,
akis,akisAltPlakaDaire,"plaka,daire",{plaka} — Daire {daire},{plaka} — кв. {daire},,
akis,akisAltPlakaDaireTanim,"plaka,daire,tanim",{plaka} — Daire {daire} ({tanim}),{plaka} — кв. {daire} ({tanim}),,
akis,akisAltPlakaTanim,"plaka,tanim",{plaka} ({tanim}),{plaka} ({tanim}),,
akis,akisAltPlanAralik,"plan,aralik",{plan} · {aralik},{plan} · {aralik},,
akis,akisAracCikisi,,Araç Çıkışı,Выезд автомобиля,,
akis,akisAracGirisi,,Araç Girişi,Въезд автомобиля,,
akis,akisDaireSikayeti,,Daire Şikayeti,Жалоба на квартиру,,
akis,akisDevriyeOkutma,,Devriye Okutması,Сканирование обхода,,
akis,akisGorevTamamlandi,,Görev Tamamlandı,Задача выполнена,,
akis,akisIhlalKaydi,,İhlal Kaydı,Запись о нарушении,,
akis,akisKargoKaydedildi,,Kargo Kaydedildi,Посылка зарегистрирована,,
akis,akisKargoTeslimEdildi,,Kargo Teslim Edildi,Посылка выдана,,
akis,akisTalepAcildi,,Talep Açıldı,Заявка открыта,,
akis,akisTalepCozuldu,,Talep Çözüldü,Заявка решена,,
akis,akisTalepIsEmri,,Talep İş Emrine Dönüştü,Заявка стала нарядом,,
akis,akisTalepReddedildi,,Talep Reddedildi,Заявка отклонена,,
akis,akisZiyaretciCikisi,,Ziyaretçi Çıkışı,Выход посетителя,,
akis,akisZiyaretciGirisi,,Ziyaretçi Girişi,Вход посетителя,,
ana,anaAidatKaydiYok,,Aidat kaydı bulunamadı,Записей по взносам нет,,
ana,anaBildirimlerRolYok,,Bildirimler bu rolde kullanılamıyor,Уведомления недоступны для этой роли,,
ana,anaBildirimlerYakinda,,Bildirimler yakında,Уведомления скоро,,
ana,anaBorcVar,,Borç Var,Есть задолженность,,
ana,anaBorcYok,,Borç Yok,Задолженности нет,,
ana,anaBuAykiAidat,,Bu Ayki Aidat,Взносы за месяц,,
ana,anaDaireAltBaslik,"daireler,rol",Daire {daireler}  •  {rol},Квартира {daireler}  •  {rol},,
ana,anaDun,,Dün,Вчера,,
ana,anaEtkinlikSuruyor,,Sürüyor,Идёт,,
ana,anaEtkinlikYaklasan,,Yaklaşan,Предстоит,,
ana,anaGecmisOdemeler,,Geçmiş Ödemeler,История платежей,,
ana,anaGelecekOdeme,,Gelecek Ödeme,Следующий платёж,,
ana,anaKarsilama,ad,"Merhaba, {ad}","Здравствуйте, {ad}",,
ana,anaOdendi,,Ödendi,Оплачено,,
ana,anaOdenmedi,,Ödenmedi,Не оплачено,,
ana,anaOnline,,Online,На связи,,
ana,anaRaporlarYakinda,,Raporlar yakında,Отчёты скоро,,
ana,anaSelam,,"Merhaba, {ad}","Здравствуйте, {ad}",,
ana,anaSonOdemeTarih,,Son Ödeme: {tarih},Последний платёж: {tarih},,
ana,anaVardiyaAktif,,Aktif,Активна,,
ana,anaVardiyaPlanlandi,,Planlandı,Запланирована,,
ana,anaYoneticiPaneli,,Yönetici Paneli,Панель управляющего,,
arac,aracAramaBos,,Bu plakayla eşleşen geçiş yok,Нет проездов с таким номером,,
arac,aracCikisOnayBaslik,,Çıkış verilsin mi?,Отметить выезд автомобиля?,,
arac,aracCikisVer,,Çıkış ver,Отметить выезд,,
arac,aracCikisVerildi,,Çıkış kaydedildi,Выезд записан,,
arac,aracCikisZamani,zaman,Çıkış: {zaman},Выезд: {zaman},,
arac,aracDaire,no,Daire {no},Квартира {no},,
arac,aracDaireAlani,,Daire no (isteğe bağlı),Номер квартиры (необязательно),,
arac,aracErisimYok,,Araç geçiş listesi yalnız yönetim ve güvenlik içindir,Список проездов доступен только администрации и охране,,
arac,aracGirisKaydedildi,,Araç girişi kaydedildi,Въезд автомобиля записан,,
arac,aracGirisZamani,zaman,Giriş: {zaman},Въезд: {zaman},,
arac,aracKaydeden,ad,Kaydeden: {ad},Записал: {ad},,
arac,aracListeBos,,Kayıtlı araç geçişi yok,Нет записей о проездах,,
arac,aracPlaka,,Plaka,Номер,,
arac,aracPlakaAra,,Plaka ara,Поиск по номеру,,
arac,aracPlakaZorunlu,,Plaka zorunlu,Номер обязателен,,
arac,aracRozetCikti,,Çıktı,Выехал,,
arac,aracRozetIceride,,İçeride,Внутри,,
arac,aracRozetZiyaretci,,Ziyaretçi,Гость,,
arac,aracSuzgecCikmis,,Çıkmış,Выехали,,
arac,aracSuzgecIceride,,İçeride,Внутри,,
arac,aracSuzgecTumu,,Tümü,Все,,
arac,aracTanimAlani,,Araç tanımı (isteğe bağlı),Описание автомобиля (необязательно),,
arac,aracYeniGiris,,Yeni giriş,Новый въезд,,
arac,aracZatenIceride,,Bu plakanın açık geçişi zaten var (araç içeride),У этого номера уже есть открытый проезд (автомобиль внутри),,
arac,aracZatenKapali,,Bu geçiş zaten kapatılmış,Этот проезд уже закрыт,,
arac,aracZiyaretciMi,,Ziyaretçi aracı,Автомобиль гостя,,
arama,aramaBaslatilamadi,,Arama başlatılamadı,Не удалось начать звонок,,
arama,aramaYapilamiyor,,Aranamıyor,Звонок недоступен,,
ayarlar,ayarlarBaslik,,Ayarlar,Настройки,,
ayarlar,ayarlarDil,,Dil / Language,Язык / Language,,
ayarlar,ayarlarGorunum,,Görünüm,Оформление,,
ayarlar,ayarlarKameralar,,Kameralar,Камеры,,
ayarlar,ayarlarKameralarAlt,,"Kamera ekle, düzenle, sil","Добавление, изменение и удаление камер",,
ayarlar,ayarlarTema,,Tema,Тема,,
ayarlar,ayarlarTemaAcik,,Açık,Светлая,,
ayarlar,ayarlarTemaAciklama,,Koyu tema tüm ekranlarda uygulanır; sistem seçilirse cihaz ayarını izler.,Тёмная тема применяется ко всем экранам; «Системная» следует настройке устройства.,,
ayarlar,ayarlarTemaKoyu,,Koyu,Тёмная,,
ayarlar,ayarlarTemaSistem,,Sistem,Системная,,
ayarlar,ayarlarTesis,,Tesis,Объект,,
ayarlar,ayarlarTesisAdi,,Tesis adı,Название объекта,,
ayarlar,ayarlarTesisAdiAciklama,,Ana ekranda ve raporlarda görünen ad.,"Название, отображаемое на главном экране и в отчётах.",,
ayarlar,ayarlarTesisAdiGuncellendi,,Tesis adı güncellendi,Название объекта обновлено,,
ayarlar,ayarlarYonetim,,Yönetim,Управление,,
bildirim,bildirimYeniPush,,Yeni bildirim,Новое уведомление,,
bildirim,bildirimYok,,Bildirim yok,Уведомлений нет,,
bildirim,bildirimYuklenemedi,,"Bildirimler yüklenemedi.
{hata}","Не удалось загрузить уведомления.
{hata}",,
bina,binaAtlananEk,," ({n} zaten vardı, atlandı)"," ({n} уже были, пропущены)",,
bina,binaBaslangicNo,,Başlangıç no,Начальный номер,,
bina,binaBaslangicNoIpucu,,örn. 101,напр. 101,,
bina,binaBloguSil,,Bloğu sil,Удалить блок,,
bina,binaBloguSilAlt,n,{n} daire ile birlikte silinir (onay gerekir),"{n, plural, one{Удаляется вместе с {n} квартирой (нужно подтверждение)} few{Удаляется вместе с {n} квартирами (нужно подтверждение)} many{Удаляется вместе с {n} квартирами (нужно подтверждение)} other{Удаляется вместе с {n} квартирами (нужно подтверждение)}}",,
bina,binaBlokAtanmamis,,Blok atanmamış,Блок не назначен,,
bina,binaBlokDuzenle,,Blok düzenle,Изменить блок,,
bina,binaBlokDuzenleBaslik,,Blok {ad} — düzenle,Блок {ad} — изменить,,
bina,binaBlokEtiket,,Blok {ad},Блок {ad},,
bina,binaBlokEtiketi,,Blok etiketi,Метка блока,,
bina,binaBlokEtiketiGerekli,,"Blok etiketi gerekli (örn. A, B1).","Требуется метка блока (напр. A, B1).",,
bina,binaBlokEtiketiYardim,,"Kısa alfanumerik (örn. A, B1) — tire yok","Короткий буквенно-цифровой код (напр. A, B1) — без дефиса",,
bina,binaBlokEtiketiZatenVar,,Bu blok etiketi zaten kayıtlı.,Такая метка блока уже существует.,,
bina,binaBlokSilindi,,Blok {ad} silindi.,Блок {ad} удалён.,,
bina,binaBlokSilinemedi,,Blok silinemedi: {hata},Не удалось удалить блок: {hata},,
bina,binaBlokSilinemediGenel,,Blok silinemedi. Lütfen tekrar deneyin.,Не удалось удалить блок. Попробуйте снова.,,
bina,binaBlokSilinsinMi,,Blok {ad} silinsin mi?,Удалить блок {ad}?,,
bina,binaBlokTile,,Blok,Блок,,
bina,binaBlokVeDaireSilindi,"ad,n",Blok {ad} ve {n} daire silindi.,Блок {ad} и квартиры ({n}) удалены.,,
bina,binaBlokYerlesimSalt,,Blok {ad} — kat ve daire yerleşimi (salt görüntüleme).,Блок {ad} — размещение этажей и квартир (только просмотр).,,
bina,binaBlokYerlesimYardim,,"Blok {ad} — kat ekleyip her katın ""+"" düğmesiyle daire ekleyin. Aynı kattakiler yan yana dizilir.","Блок {ad} — добавьте этажи, затем добавляйте квартиры кнопкой ""+"" каждого этажа. Квартиры одного этажа выстраиваются в ряд.",,
bina,binaBloksuz,,Bloksuz,Без блока,,
bina,binaBloksuzDairelerSalt,,Bloğa atanmamış daireler (salt görüntüleme).,Квартиры без блока (только просмотр).,,
bina,binaBloksuzUyari,,"Bu daireler bir bloğa atanmamış (eski kayıtlar). Görüntülenir, düzenlenip silinebilir; yeni daire için bir blok seçin/oluşturun.","Эти квартиры не привязаны к блоку (старые записи). Они отображаются, их можно изменить или удалить; для новой квартиры выберите или создайте блок.",,
bina,binaBloktaDaireYok,,Bu blokta henüz daire yok.,В этом блоке пока нет квартир.,,
bina,binaDaireDuzenleBaslik,,Daire {no} — düzenle,Квартира {no} — изменить,,
bina,binaDaireEklendi,"n,ek",{n} daire eklendi ✓{ek},Добавлено квартир: {n} ✓{ek},,
bina,binaDaireNo,,Daire no,Номер квартиры,,
bina,binaDaireNoGerekli,,"Daire no gerekli (örn. A-12, 12).","Требуется номер квартиры (напр. A-12, 12).",,
bina,binaDaireNoYardim,,"Alfanumerik + tire (örn. A-12, B3, 12)","Буквы/цифры + дефис (напр. A-12, B3, 12)",,
bina,binaDaireNoZatenVar,,Bu daire no zaten kayıtlı.,Такой номер квартиры уже существует.,,
bina,binaDaireSayisi,n,{n} daire,"{n, plural, one{{n} квартира} few{{n} квартиры} many{{n} квартир} other{{n} квартир}}",,
bina,binaDaireleriOlustur,,Daireleri oluştur,Создать квартиры,,
bina,binaDuzenlemeAciklama,,"Blok ekleyin, kutucuğa dokunup içine kat ve daire yerleştirin. Her daire bir bloğa bağlanır. Şikayet Haritası bu yapıyı yansıtır.","Добавьте блок, нажмите на плитку и разместите внутри этажи и квартиры. Каждая квартира принадлежит блоку. Карта жалоб отражает эту структуру.",,
bina,binaDuzenlemeBaslik,,Bina Düzenleme,Планировка здания,,
bina,binaEklenemedi,,Eklenemedi. Tekrar deneyin.,Не удалось добавить. Попробуйте снова.,,
bina,binaEnFazla500,,En fazla 500 daire (şu an {n}).,Не более 500 квартир (сейчас {n}).,,
bina,binaKaliciSilmeUyari,,"Bu blok ve içindeki {n} daire; aidat, ziyaretçi, kargo, rezervasyon ve şikayet kayıtlarıyla birlikte KALICI olarak silinecek. Bu işlem geri alınamaz.","Этот блок и {n} квартир в нём будут УДАЛЕНЫ БЕЗВОЗВРАТНО вместе с записями взносов, посетителей, посылок, бронирований и жалоб. Отменить это нельзя.",,
bina,binaKat,,Kat,Этаж,,
bina,binaKatBasinaDaire,,Kat başına daire,Квартир на этаж,,
bina,binaKatEkle,,Kat ekle,Добавить этаж,,
bina,binaKatEtiket,,Kat {kat},Этаж {kat},,
bina,binaKatSayisi,,Kat sayısı,Число этажей,,
bina,binaKatSiraTamSayi,,Kat ve sıra tam sayı olmalı.,Этаж и позиция должны быть целыми числами.,,
bina,binaKatYardim,,0 = zemin,0 = первый этаж,,
bina,binaKatYok,,Kat yok,Без этажа,,
bina,binaKatYokBos,,"Henüz kat yok. ""Kat ekle"" ile başlayın, sonra kattaki ""+"" ile daire ekleyin.","Этажей пока нет. Начните с «Добавить этаж», затем добавляйте квартиры кнопкой «+» на этаже.",,
bina,binaKaydedilemedi,,Kaydedilemedi. Lütfen tekrar deneyin.,Не удалось сохранить. Попробуйте снова.,,
bina,binaKayitsiz,,kayıtsız,не зарегистрировано,,
bina,binaOnayIcinBlokAdi,,Onaylamak için blok adını yazın,Введите название блока для подтверждения,,
bina,binaSaltGoruntulemeAciklama,,Bina yapısı (salt görüntüleme). Blok kutucuğuna dokunup kat ve daire yerleşimini görebilirsiniz.,"Структура здания (только просмотр). Нажмите на плитку блока, чтобы увидеть размещение этажей и квартир.",,
bina,binaSilNDaire,,Sil ({n} daire),Удалить ({n} кв.),,
bina,binaSilinemedi,,Silinemedi. Lütfen tekrar deneyin.,Не удалось удалить. Попробуйте снова.,,
bina,binaSira,,Sıra,Позиция,,
bina,binaSiraYardim,,Kattaki konum,Место на этаже,,
bina,binaTekSeferde500,,Tek seferde en fazla 500 daire.,Не более 500 квартир за один раз.,,
bina,binaTopluAciklama,,"Numaralar başlangıçtan itibaren ardışık, kat kat dolar. Var olanlar atlanır.","Номера идут последовательно от начального, заполняя этаж за этажом. Существующие пропускаются.",,
bina,binaTopluAlanlarGerekli,,"Kat sayısı, kat başına daire ve başlangıç no gerekli.","Требуются число этажей, квартир на этаж и начальный номер.",,
bina,binaTopluBaslik,,Toplu daire ekle — Blok {blok},Массовое добавление — Блок {blok},,
bina,binaTopluBaslikBloksuz,,Toplu daire ekle — Bloksuz,Массовое добавление — без блока,,
bina,binaTopluDaireEkle,,Toplu daire ekle,Массовое добавление квартир,,
bina,binaTopluOnizleme,"bas,bitis,toplam,kat,adet","{bas} … {bitis}  ({toplam} daire, {kat} kat × {adet})","{bas} … {bitis}  ({toplam} кв., {kat} этаж × {adet})",,
bina,binaYeniBlok,,Yeni blok,Новый блок,,
bina,binaYeniDaire,,Yeni daire · {blok},Новая квартира · {blok},,
bolum,bolumDuyurular,,Duyurular,Объявления,,
bolum,bolumEtkinlikler,,Etkinlikler,Мероприятия,,
bolum,bolumHizliOzet,,Hızlı Özet,Сводка,,
bolum,bolumOdemeAidat,,Ödeme ve Aidat Durumu,Платежи и взносы,,
bolum,bolumSiteKurallari,,Site Kuralları,Правила комплекса,,
bolum,bolumSonHareketler,,Son Hareketler,Последние события,,
bolum,bolumTumModuller,,Tüm Modüller,Все разделы,,
bolum,bolumVardiyaDurumu,,Vardiya Durumu,Смены,,
but,butAdZorunlu,,Ad zorunludur,Название обязательно,,
but,butAidatTahsilati,,Aidat tahsilatı,Сбор взносов,,
but,butBaslik,,Bütçe,Бюджет,,
but,butBeklenmeyenKisa,,Beklenmeyen bir hata oluştu. Tekrar deneyin.,Произошла непредвиденная ошибка. Попробуйте снова.,,
but,butDonem,,Dönem,Период,,
but,butEnYuksekGiderler,,En yüksek giderler,Крупнейшие расходы,,
but,butFinansalOzet,,Finansal özet,Финансовая сводка,,
but,butGeciken,,Geciken,Просрочено,,
but,butGelir,,Gelir,Доходы,,
but,butGider,,Gider,Расходы,,
but,butHareketYok,,Henüz hareket yok.,Операций пока нет.,,
but,butKasa,,Kasa,Касса,,
but,butKategori,,Kategori,Категория,,
but,butKategoriAdi,,Kategori adı,Название категории,,
but,butKategoriAdiIpucu,,örn. Bahçe bakımı,напр. Уход за садом,,
but,butKategoriKirilimi,,Kategori kırılımı,Разбивка по категориям,,
but,butKategoriSecin,,Kategori seçin,Выберите категорию,,
but,butKategoriTip,"ad,tip",{ad} ({tip}),{ad} ({tip}),,
but,butKategoriToplamlari,,Kategori toplamları,Итоги по категориям,,
but,butKategoriYok,,Henüz kategori yok.,Категорий пока нет.,,
but,butOtomatik,,Otomatik,Автоматически,,
but,butPasifEki,, · pasif (yeni kayıt kapalı), · неактивна (новые записи закрыты),,
but,butSeffaflikNotu,,Bu ekran site yönetiminin gelir ve giderlerini şeffaflık amacıyla özet olarak gösterir. Kişi ve daire bazlı detaylar görüntülenmez; sorularınız için yönetiminize başvurun.,Этот экран показывает доходы и расходы управления объектом в виде сводки — для прозрачности. Данные по людям и квартирам не показываются; с вопросами обращайтесь к управлению.,,
but,butSekmeHareketler,,Hareketler,Операции,,
but,butSekmeKategoriler,,Kategoriler,Категории,,
but,butSekmeOzet,,Özet,Сводка,,
but,butSiteBaslik,,Site Bütçesi,Бюджет объекта,,
but,butTahakkuk,,Tahakkuk,Начислено,,
but,butTahakkukYok,,Bu dönem için tahakkuk kaydı yok.,За этот период начислений нет.,,
but,butTahsilat,,Tahsilat,Собрано,,
but,butTahsilatYuzde,,Tahsilat %{yuzde},Сбор {yuzde}%,,
but,butTarih,,Tarih: {tarih},Дата: {tarih},,
but,butTumZamanlar,,Tüm zamanlar,За всё время,,
but,butTutar,,Tutar (TL),Сумма (TL),,
but,butTutarGecersiz,,"Geçerli bir tutar girin (örn. 1.250,50)","Введите корректную сумму (напр. 1.250,50)",,
but,butTutarIpucu,,"örn. 1.250,50","напр. 1.250,50",,
but,butYeniHareket,,Yeni hareket,Новая операция,,
but,butYeniKategori,,Yeni kategori,Новая категория,,
ceviri,ceviriCeviriyiGor,,Çeviriyi gör,Показать перевод,,
ceviri,ceviriHazirlaniyor,,Çeviri hazırlanıyor — orijinal gösteriliyor,Перевод готовится — показан оригинал,,
ceviri,ceviriHazirlaniyorKisa,,Çeviri hazırlanıyor,Перевод готовится,,
ceviri,ceviriOrijinaliGor,,Orijinali gör,Показать оригинал,,
ceviri,ceviriOtomatik,,Bu içerik otomatik çevrilmiştir,Этот текст переведён автоматически,,
ceviri,ceviriOtomatikKisa,,Otomatik çeviri,Автоперевод,,
ceviri,ceviriYapilamadi,,Çeviri yapılamadı — orijinal gösteriliyor,Не удалось перевести — показан оригинал,,
ceviri,ceviriYapilamadiKisa,,Çeviri yapılamadı,Ошибка перевода,,
cip,cipAktif,,Aktif,Активна,,
cip,cipYeni,,Yeni,Новое,,
dem,demAldi,"ad,zaman",{ad} aldı — {zaman} (hala üzerinde),{ad} взял — {zaman} (всё ещё у него),,
dem,demAldiBirakti,"ad,alma,birakma",{ad} · {alma} → {birakma},{ad} · {alma} → {birakma},,
dem,demAldin,"zaman,sure",Aldın: {zaman} ({sure}),Взято: {zaman} ({sure}),,
dem,demBakimda,,Bakımda — şu an zimmetlenemez.,На обслуживании — сейчас выдать нельзя.,,
dem,demBaskaEtiketOkut,,Başka etiket okut,Считать другую метку,,
dem,demBaskasinda,"ad,sure",Başkasında: {ad} — {sure} üzerinde.,У другого: {ad} — {sure}.,,
dem,demBaskasininUzerinde,,Başkasının üzerinde görünüyor.,"Похоже, он у другого сотрудника.",,
dem,demBaslik,,Demirbaş,Инвентарь,,
dem,demBirak,,Bırak / iade et,Вернуть,,
dem,demBirakKisa,,Bırak,Вернуть,,
dem,demBirakildi,,Bırakıldı ✓ — zimmet kapatıldı.,Возвращено ✓ — запись закрыта.,,
dem,demEtiketEslesmiyor,,Bu etiket ({uid}) kayıtlı bir demirbaşla eşleşmiyor. Etiket panelden bir demirbaşa tanımlanmalı.,Эта метка ({uid}) не соответствует зарегистрированному предмету. Метку нужно привязать к предмету в панели.,,
dem,demEtiketOkut,,Etiket okut,Считать метку,,
dem,demHataSatiri,"ad,hata",{ad}: {hata},{ad}: {hata},,
dem,demIslemYapilamadi,,İşlem yapılamadı: {hata} Durum güncellendi — karta tekrar bakın.,Не удалось выполнить: {hata} Статус обновлён — посмотрите карточку снова.,,
dem,demKimsedeDegil,,Kimsede değil — alınabilir.,Ни у кого — можно взять.,,
dem,demListeYetkiYok,,Demirbaş listesi için yetkiniz yok.,У вас нет прав на список инвентаря.,,
dem,demNfcAciklama,,Demirbaşı alırken veya bırakırken üzerindeki NFC etiketini okutun. Uygulama demirbaşı tanır ve kimde olduğunu gösterir.,"Сканируйте NFC-метку на предмете при получении или возврате. Приложение опознает предмет и покажет, у кого он.",,
dem,demOfflineUyari,,İnternet bağlantısı gerekli. Zimmet kimde-olduğu ANLIK bir kayıttır; offline işlem yapılmaz (kuyruklamak yanıltıcı olurdu).,Требуется интернет-соединение. Владение предметом — запись в реальном времени; офлайн не обрабатывается (очередь была бы обманчивой).,,
dem,demSende,,SENDE — {sure} üzerinde.,У ВАС — {sure}.,,
dem,demSonHareketler,,Son hareketler,Последние операции,,
dem,demSureAzOnce,,"az önce alındı, o zamandan beri",только что,,
dem,demSureBelirsiz,,bir süredir,уже некоторое время,,
dem,demSureDakika,n,{n} dakikadır,"{n, plural, one{{n} минуту} few{{n} минуты} many{{n} минут} other{{n} минут}}",,
dem,demSureGun,n,{n} gündür,"{n, plural, one{{n} день} few{{n} дня} many{{n} дней} other{{n} дней}}",,
dem,demSureSaat,n,{n} saattir,"{n, plural, one{{n} час} few{{n} часа} many{{n} часов} other{{n} часов}}",,
dem,demTaniniyor,,Demirbaş tanınıyor...,Опознание предмета...,,
dem,demUzerimdekiler,,Üzerimdekiler{ek},На мне{ek},,
dem,demUzerindeYok,,Şu an üzerinde demirbaş görünmüyor.,Сейчас за вами нет предметов.,,
dem,demZatenZimmetinde,,Zaten zimmetindeydi ✓ (tekrar gönderim — çift kayıt yok),Уже был за вами ✓ (повторная отправка — без дубликата),,
dem,demZimmetineAl,,Zimmetine al,Взять на себя,,
dem,demZimmetineAlindi,,Zimmetine alındı ✓,Взято ✓,,
dem,demZorlaDevralmaYok,,Zorla devralma yok — demirbaşı şu anki kullanıcısı bırakmalı.,Принудительная передача невозможна — предмет должен вернуть текущий владелец.,,
destek,destekBaslik,,Destek,Поддержка,,
destek,destekEkip,,Yönetio Ekibi,Команда Yönetio,,
destek,destekGonderilemedi,,Talep gönderilemedi: {hata},Не удалось отправить заявку: {hata},,
destek,destekGorselEkle,,Görsel ekle,Добавить изображение,,
destek,destekGorseliDegistir,,Görseli değiştir,Заменить изображение,,
destek,destekKonu,,Konu,Тема,,
destek,destekTalepYok,,Henüz destek talebiniz yok,У вас пока нет заявок в поддержку,,
destek,destekYeniTalep,,Yeni Talep,Новая заявка,,
destek,destekYeniTalepBaslik,,Yeni Destek Talebi,Новая заявка в поддержку,,
destek,destekYuklenemedi,,"Talepler yüklenemedi.
{hata}","Не удалось загрузить заявки.
{hata}",,
devriye,devriyeAdZorunlu,,Ad zorunludur,Название обязательно,,
devriye,devriyeAktifNoktaYok,,"Aktif kontrol noktası yok. Önce ""Kontrol noktaları""ndan ekleyin.",Активных контрольных точек нет. Сначала добавьте их в «Контрольные точки».,,
devriye,devriyeBaslangicSaat,,Başlangıç {saat},Начало {saat},,
devriye,devriyeBitisEtiket,,bitiş {saat},конец {saat},,
devriye,devriyeBitisSaat,,Bitiş {saat},Конец {saat},,
devriye,devriyeBugunPencereYok,,Bugün için planlanmış devriye penceresi yok.,На сегодня окно обхода не запланировано.,,
devriye,devriyeBugunTurYok,,Bugün için devriye turu yok.,На сегодня обходов нет.,,
devriye,devriyeBugununDigerTurlari,,Bugünün diğer turları,Другие обходы сегодня,,
devriye,devriyeBugununTurlari,,Bugünün turları,Обходы сегодня,,
devriye,devriyeDurumBekliyor,,Bekliyor,Ожидает,,
devriye,devriyeDurumBilinmiyor,,Bilinmiyor,Неизвестно,,
devriye,devriyeDurumBitti,,Bitti,Завершён,,
devriye,devriyeDurumKacirildi,,Kaçırıldı,Пропущен,,
devriye,devriyeDurumSimdiAktif,,Şimdi aktif,Активен сейчас,,
devriye,devriyeDurumSuresiGecti,,Süresi geçti,Время истекло,,
devriye,devriyeDurumTamamlandi,,Tamamlandı,Выполнен,,
devriye,devriyeDurumYaklasan,,Yaklaşan,Предстоящий,,
devriye,devriyeGecmisBos,,Henüz tur penceresi kaydı yok.,Записей окон обходов пока нет.,,
devriye,devriyeGecmisYetkiYok,,Tur geçmişi için yetkiniz yok. Bu liste güvenlik ve yönetici rollerine açıktır.,У вас нет прав на историю обходов. Этот список доступен ролям охраны и управляющего.,,
devriye,devriyeGonderimKuyruguTooltip,,Gönderim kuyruğu,Очередь отправки,,
devriye,devriyeGunOkutmaYok,,Bu gün için okutma yok.,За этот день сканирований нет.,,
devriye,devriyeImzali,,imzalı ✓,подписано ✓,,
devriye,devriyeKalanSure,,Kalan süre: {sure},Осталось: {sure},,
devriye,devriyeKaydedilemedi,,Kaydedilemedi. Tekrar deneyin.,Не удалось сохранить. Попробуйте снова.,,
devriye,devriyeKontrolNoktalari,,Kontrol noktaları,Контрольные точки,,
devriye,devriyeNoktaAdiYedek,,Nokta {kisaId},Точка {kisaId},,
devriye,devriyeNoktaDurumAciklama,,"Nokta durumları sunucudandır; tüm görevlilerin okutmaları ✓ görünür. ""Gönderiliyor"" satırlar bu cihazın henüz gönderilmemiş okutmalarıdır.","Статусы точек приходят с сервера; сканирования всех сотрудников отображаются как ✓. Строки «Отправляется» — сканирования этого устройства, ещё не отправленные.",,
devriye,devriyeNoktaListesiYok,,Bu planın nokta listesi alınamadı veya plana nokta atanmamış.,Не удалось получить список точек этого плана либо точки не назначены.,,
devriye,devriyeNoktaOkutNfc,,Nokta okut (NFC),Сканировать точку (NFC),,
devriye,devriyeNoktaOkutuldu,"okutulan,beklenen",{okutulan}/{beklenen} nokta okutuldu,Отсканировано точек: {okutulan}/{beklenen},,
devriye,devriyeNoktaSayaci,"okutulan,beklenen",{okutulan}/{beklenen} nokta,{okutulan}/{beklenen} точек,,
devriye,devriyeOkutmaBekliyor,n,{n} okutma gönderim bekliyor,"{n, plural, one{{n} сканирование ожидает отправки} few{{n} сканирования ожидают отправки} many{{n} сканирований ожидают отправки} other{{n} сканирований ожидают отправки}}",,
devriye,devriyeOkutuldu,,Okutuldu ✓,Отсканировано ✓,,
devriye,devriyeOkutulduGonderiliyor,,Okutuldu ✓ — gönderiliyor (kuyrukta),Отсканировано ✓ — отправляется (в очереди),,
devriye,devriyeOkutulduZamanli,,Okutuldu ✓ · {saat},Отсканировано ✓ · {saat},,
devriye,devriyeOzetToplam,,Toplam,Всего,,
devriye,devriyePasif,,Pasif,Неактивен,,
devriye,devriyePencere,"baslangic,bitis",Pencere: {baslangic} – {bitis},Окно: {baslangic} – {bitis},,
devriye,devriyePencereSuresiDoldu,,Pencere süresi doldu.,Время окна истекло.,,
devriye,devriyePlanAdi,,Plan adı,Название плана,,
devriye,devriyePlanAdiIpucu,,örn. Gece devriyesi,напр. Ночной обход,,
devriye,devriyePlanAralik,"baslangic,bitis,dakika",{baslangic}–{bitis} · her {dakika} dk,{baslangic}–{bitis} · каждые {dakika} мин,,
devriye,devriyePlanDuzenleBaslik,,Devriye planı düzenle,Изменить план обхода,,
devriye,devriyePlanEkle,,Plan ekle,Добавить план,,
devriye,devriyePlanSilOnay,,"""{ad}"" devriye planı silinecek.",План обхода «{ad}» будет удалён.,,
devriye,devriyePlanSilindi,,Plan silindi ✓,План удалён ✓,,
devriye,devriyePlanSilinsinMi,,Plan silinsin mi?,Удалить план?,,
devriye,devriyePlanYeniBaslik,,Yeni devriye planı,Новый план обхода,,
devriye,devriyePlanYokBos,,"Henüz devriye planı yok.
Sağ alttan ekleyin (saatler + noktalar).","Планов обходов пока нет.
Добавьте план справа снизу (часы + точки).",,
devriye,devriyePlanlarListelenemedi,,Planlar listelenemedi.,Не удалось получить список планов.,,
devriye,devriyePlanlariBaslik,,Devriye Planları,Планы обходов,,
devriye,devriyeSonGuncelleme,,Son güncelleme: {saat} (otomatik yenileme: 60 sn),Последнее обновление: {saat} (автообновление: 60 с),,
devriye,devriyeSunucudaOkutma,n,Sunucuda {n} okutma kayıtlı (diğer cihazların okutmaları dahil olabilir).,"{n, plural, one{На сервере записано {n} сканирование (могут быть включены сканирования других устройств).} few{На сервере записано {n} сканирования (могут быть включены сканирования других устройств).} many{На сервере записано {n} сканирований (могут быть включены сканирования других устройств).} other{На сервере записано {n} сканирований (могут быть включены сканирования других устройств).}}",,
devriye,devriyeTakibiBaslik,,Devriye takibi,Отслеживание обходов,,
devriye,devriyeTakibiYetkiYok,,Devriye takibi için yetkiniz yok. Bu ekran yönetici ve güvenlik rollerine açıktır.,У вас нет прав на отслеживание обходов. Этот экран доступен ролям управляющего и охраны.,,
devriye,devriyeTaramaGunluguAlinamadi,,Tarama günlüğü alınamadı.,Не удалось получить журнал сканирований.,,
devriye,devriyeTumNoktalarOkutuldu,,Tüm noktalar okutuldu — tur tamamlanıyor. ✓,Все точки отсканированы — обход завершается. ✓,,
devriye,devriyeTumunuKaldir,,Tümünü kaldır,Снять все,,
devriye,devriyeTumunuSec,,Tümünü seç,Выбрать все,,
devriye,devriyeTurSikligi,,Tur sıklığı (dakika),Частота обхода (минуты),,
devriye,devriyeTurSikligiPozitif,,Tur sıklığı (dk) pozitif olmalı.,Частота обхода (мин) должна быть положительной.,,
devriye,devriyeTurSikligiYardim,,örn. 60 = saatte bir tur,напр. 60 = один обход в час,,
devriye,devriyeTuru,,Devriye turu,Обход,,
devriye,devriyeUidEtiket,,UID: {uid},UID: {uid},,
devriye,devriyeYetkiYok,,Bu ekrandaki veriler için yetkiniz yok. Tur takibi güvenlik (ve yönetici) rolüne açıktır.,У вас нет прав на данные этого экрана. Отслеживание обходов доступно роли охраны (и управляющего).,,
dil,dilSecBaslik,,Uygulama dili,Язык приложения,,
dis,disAd,,Ad,Имя,,
dis,disAdGerekli,,Ad gerekli,Имя обязательно,,
dis,disAra,,Ara,Позвонить,,
dis,disBolumNotu,,Bölüm notu,Примечание к разделу,,
dis,disKayitYok,,Henüz dış hizmet kaydı yok.,Записей о внешних услугах пока нет.,,
dis,disKayitYokYonetim,,Henüz kayıt yok. Sağ alttan güvendiğiniz esnafı ekleyin.,"Записей пока нет. Добавьте мастера, которому доверяете, кнопкой справа снизу.",,
dis,disKisiDuzenle,,Kişi düzenle,Изменить контакт,,
dis,disKisiEkle,,Kişi ekle,Добавить контакт,,
dis,disListeAlinamadi,,Liste alınamadı.,Не удалось загрузить список.,,
dis,disNotEkleyin,,Not ekleyin (yalnızca yönetici düzenler).,Добавьте примечание (изменять может только управление).,,
dis,disNotGuncellendi,,Not güncellendi ✓,Примечание обновлено ✓,,
dis,disNotIpucu,,örn. Yıllardır güvendiğimiz esnaflar; site güvenliği için yabancı kişileri içeri almayın.,"напр. Мастера, которым мы доверяем годами; ради безопасности объекта не впускайте посторонних.",,
dis,disNotuDuzenle,,Notu düzenle,Изменить примечание,,
dis,disSilGovde,,"""{ad}"" silinecek.","""{ad}"" будет удалён.",,
dis,disSilOnay,,Kayıt silinsin mi?,Удалить запись?,,
dis,disSilindi,,Silindi ✓,Удалено ✓,,
dis,disSoyad,,Soyad,Фамилия,,
dis,disSoyadGerekli,,Soyad gerekli,Фамилия обязательна,,
dis,disTur,,Hizmet türü,Вид услуги,,
dis,disTurIpucu,,"örn. Çilingir, Elektrik, Tesisat","напр. Слесарь, Электрика, Сантехника",,
dis,disTurZorunlu,,Tür zorunludur,Вид услуги обязателен,,
dis,disYeniKisi,,Yeni dış hizmet kişisi,Новый внешний контакт,,
duyuru,duyuruBaslikZorunlu,,Başlık zorunludur,Заголовок обязателен,,
duyuru,duyuruDuzenleBaslik,,Duyuru düzenle,Изменить объявление,,
duyuru,duyuruDuzenlendiEki,, · düzenlendi, · изменено,,
duyuru,duyuruGuncellendi,,Duyuru güncellendi ✓,Объявление обновлено ✓,,
duyuru,duyuruMeta,"ad,zaman,duzenlendi",{ad} · {zaman}{duzenlendi},{ad} · {zaman}{duzenlendi},,
duyuru,duyuruMetniAlan,,Duyuru metni,Текст объявления,,
duyuru,duyuruMetniZorunlu,,Duyuru metni zorunludur,Текст объявления обязателен,,
duyuru,duyuruSilOnay,,Duyuru silinsin mi?,Удалить объявление?,,
duyuru,duyuruSilindi,,Duyuru silindi ✓,Объявление удалено ✓,,
duyuru,duyuruYayinla,,Yayınla,Опубликовать,,
duyuru,duyuruYayinlandi,,Duyuru yayınlandı ✓,Объявление опубликовано ✓,,
duyuru,duyuruYeni,,Yeni duyuru,Новое объявление,,
duyuru,duyuruYok,,Henüz duyuru yok.,Объявлений пока нет.,,
duyuru,duyuruYonetim,,Yönetim,Управление,,
enteg,entegAktifKisa,,aktif,активна,,
enteg,entegBasarisiz,,Başarısız,Ошибка,,
enteg,entegDuzenleBaslik,,Entegrasyon düzenle,Изменить интеграцию,,
enteg,entegHttpMetodu,,HTTP metodu,HTTP-метод,,
enteg,entegKanalTipi,,Kanal tipi,Тип канала,,
enteg,entegKimlikDogrulama,,Kimlik doğrulama,Аутентификация,,
enteg,entegKimlikSatir,"tip,kilit",Kimlik: {tip}{kilit},Аутентификация: {tip}{kilit},,
enteg,entegPasifKisa,,pasif,неактивна,,
enteg,entegPayload,,Payload şablonu,Шаблон payload,,
enteg,entegPayloadHelper,,{sablonlar} yer tutucuları,Заменители {sablonlar},,
enteg,entegPreset,,Hazır şablon (preset),Готовый шаблон (preset),,
enteg,entegSilGovde,,"""{ad}"" entegrasyonu silinecek.","Интеграция ""{ad}"" будет удалена.",,
enteg,entegSilOnay,,Silinsin mi?,Удалить?,,
enteg,entegSilinemedi,,Silinemedi: {hata},Не удалось удалить: {hata},,
enteg,entegSir,,Sır (bearer token / API key),Секрет (bearer token / API key),,
enteg,entegSirKayitli,,Kayıtlı — değiştirmek için yeni değer girin,"Сохранён — введите новое значение, чтобы изменить",,
enteg,entegSirYazmaOzel,,Yazma-özel; sunucudan asla dönmez,Только запись; сервер его никогда не возвращает,,
enteg,entegTest,,Test,Тест,,
enteg,entegTestBasarili,,✓ Başarılı ({durum}),✓ Успешно ({durum}),,
enteg,entegTestBasarisiz,"hata,durum",✗ {hata}{durum},✗ {hata}{durum},,
enteg,entegTestMesaji,,Test mesajı,Тестовое сообщение,,
enteg,entegUrl,,Endpoint URL (http/https),URL эндпоинта (http/https),,
enteg,entegUrlHata,,http(s) ile başlamalı,Должен начинаться с http(s),,
enteg,entegUrlHelper,,İç/özel adresler tetikte engellenir,Внутренние/частные адреса блокируются при вызове,,
enteg,entegYeni,,Yeni,Новая,,
enteg,entegYeniBaslik,,Yeni entegrasyon,Новая интеграция,,
enteg,entegYokMesaj,,"Entegrasyon yok. ""Yeni"" ile bir dış sistem (megafon/akıllı ev/webhook) ekleyin.",Интеграций нет. Добавьте внешнюю систему (громкая связь/умный дом/webhook) кнопкой «Новая».,,
etiket,etiketAylikOzet,,Aylık Özet,Сводка за месяц,,
etiket,etiketDevriye,,Devriye,Обход,,
etiket,etiketIletisim,,İletişim,Контакты,,
etiket,etiketKurallar,,Kurallar,Правила,,
etk,etkAciklamaAlan,,Açıklama *,Описание *,,
etk,etkAciklamaGerekli,,Açıklama gerekli,Описание обязательно,,
etk,etkBaslikAlan,,Başlık * (örn. Maç izleme akşamı),Заголовок * (напр. Вечер просмотра матча),,
etk,etkBaslikGerekli,,Başlık gerekli,Заголовок обязателен,,
etk,etkBeyanGonderilemedi,,Beyan gönderilemedi. Tekrar deneyin.,Не удалось отправить ответ. Попробуйте снова.,,
etk,etkBeyanKaydedildi,,Beyanınız kaydedildi: {durum} ✓,Ваш ответ сохранён: {durum} ✓,,
etk,etkBitis,,Bitiş: {zaman},Окончание: {zaman},,
etk,etkBitisEkle,,Bitiş ekle (opsiyonel),Добавить окончание (необязательно),,
etk,etkBitisSonra,,"Bitiş, başlangıçtan sonra olmalı",Окончание должно быть позже начала,,
etk,etkBitisiKaldir,,Bitişi kaldır,Убрать окончание,,
etk,etkDuyurVeBildir,,Duyur ve sakinlere bildir,Объявить и уведомить жителей,,
etk,etkDuyuran,,Duyuran: {ad},Объявил: {ad},,
etk,etkDuyuruldu,,Etkinlik duyuruldu — sakinlere bildirildi ✓,Событие объявлено — жителям отправлено уведомление ✓,,
etk,etkDuzenleBaslik,,Etkinliği düzenle,Изменить событие,,
etk,etkGecmisYok,,Geçmiş etkinlik yok.,Прошедших событий нет.,,
etk,etkGorselAlan,,Görsel (opsiyonel),Изображение (необязательно),,
etk,etkGuncellendi,,Etkinlik güncellendi ✓,Событие обновлено ✓,,
etk,etkKatiliminiz,,Katılımınız: {durum},Ваш ответ: {durum},,
etk,etkKatiliyorSayisi,n,{n} katılıyor,"{n, plural, one{{n} придёт} few{{n} придут} many{{n} придут} other{{n} придут}}",,
etk,etkKatiliyorum,,Katılıyorum,Приду,,
etk,etkKatilmiyorSayisi,n,{n} katılmıyor,"{n, plural, one{{n} не придёт} few{{n} не придут} many{{n} не придут} other{{n} не придут}}",,
etk,etkKatilmiyorum,,Katılmıyorum,Не приду,,
etk,etkKaydedilemedi,,Kaydedilemedi. Tekrar deneyin.,Не удалось сохранить. Попробуйте снова.,,
etk,etkSekmeGecmis,,Geçmiş ({n}),Прошедшие ({n}),,
etk,etkSekmeYaklasan,,Yaklaşan ({n}),Предстоящие ({n}),,
etk,etkSilOnay,,"""{baslik}"" ve tüm katılım beyanları silinecek.",«{baslik}» и все ответы будут удалены.,,
etk,etkSilindi,,Etkinlik silindi ✓,Событие удалено ✓,,
etk,etkSilinsinMi,,Etkinlik silinsin mi?,Удалить событие?,,
etk,etkYaklasanYok,,Yaklaşan etkinlik yok.,Предстоящих событий нет.,,
etk,etkYaklasanYokYonetim,,"Yaklaşan etkinlik yok. ""Yeni etkinlik"" ile duyurun.",Предстоящих событий нет. Объявите через «Новое событие».,,
etk,etkYeni,,Yeni etkinlik,Новое событие,,
etk,etkYer,,Yer: {konum},Место: {konum},,
etk,etkYerAlan,,Yer (opsiyonel),Место (необязательно),,
etk,etkZaman,,Zaman: {aralik},Время: {aralik},,
etk,etkZamanSecim,,Zaman: {zaman},Время: {zaman},,
fab,fabDestekTalebi,,Destek Talebi,Обращение в поддержку,,
fab,fabDuyuruYayinla,,Duyuru Yayınla,Опубликовать объявление,,
fab,fabGorevOlustur,,Görev Oluştur,Создать задачу,,
fab,fabOlayBildir,,Olay Bildir,Сообщить о событии,,
fab,fabRezervasyonYap,,Rezervasyon Yap,Забронировать,,
fab,fabTalepArizaBildir,,Talep / Arıza Bildir,Заявка или неисправность,,
fab,fabTalepBildir,,Talep / Bildir,Заявка / сообщение,,
giris,girisBeniHatirla,,Beni hatırla,Запомнить меня,,
giris,girisIlkKodIpucu,,İlk girişte yönetimden aldığınız geçici kodu yazın.,"При первом входе введите временный код, полученный от управления.",,
giris,girisOturumSonaErdi,,Oturumunuz sona erdi. Lütfen tekrar giriş yapın.,"Сеанс истёк. Пожалуйста, войдите снова.",,
giris,girisParolaVeyaKod,,Parola veya geçici kod,Пароль или временный код,,
giris,girisYap,,Giriş yap,Войти,,
gorev,gorevAciklamaOpsiyonel,,Açıklama (opsiyonel),Описание (необязательно),,
gorev,gorevAdi,,Görev adı,Название задачи,,
gorev,gorevAdiZorunlu,,Görev adı zorunludur,Название задачи обязательно,,
gorev,gorevAdim1Etiket,,1. Etiketi okutun,1. Отсканируйте метку,,
gorev,gorevAdim2Foto,,2. Foto kanıtı,2. Фотоподтверждение,,
gorev,gorevAdim2FotoOpsiyonel,,2. Foto kanıtı (isteğe bağlı),2. Фотоподтверждение (необязательно),,
gorev,gorevAdim3Not,,3. Not (isteğe bağlı),3. Примечание (необязательно),,
gorev,gorevAtananListedeDegil,,Atanan kullanıcı (listede değil),Исполнитель (нет в списке),,
gorev,gorevAtananPersonel,,Atanan personel,Назначенный сотрудник,,
gorev,gorevAtanmamisHavuz,,— atanmamış (havuz görevi) —,— не назначено (общая задача) —,,
gorev,gorevBagliTalep,,Bağlı talep,Связанная заявка,,
gorev,gorevBuFiltredeYok,,Bu filtreyle aktif görev yok.,С этим фильтром активных задач нет.,,
gorev,gorevCipBanaAtanan,,Bana atanan,Назначено мне,,
gorev,gorevCipTumGorevler,,Tüm görevler,Все задачи,,
gorev,gorevCipTumu,,Tümü,Все,,
gorev,gorevDaireEtiket,,Daire {daire},Квартира {daire},,
gorev,gorevDuzenleBaslik,,Görev düzenle,Изменить задачу,,
gorev,gorevEtiketBekleniyor,,Etiket bekleniyor...,Ожидание метки...,,
gorev,gorevEtiketOkunamadi,,Etiket okunamadı.,Не удалось считать метку.,,
gorev,gorevEtiketiOkut,,Etiketi okut,Считать метку,,
gorev,gorevFotoAlinamadi,,Fotoğraf alınamadı: {hata},Не удалось получить фото: {hata},,
gorev,gorevFotoHenuzYuklenmedi,,"Fotoğraf henüz yüklenmedi. Yüklemenin bitmesini bekleyin, ""Tekrar yükle""yi deneyin veya fotoyu kaldırın.","Фото ещё не загружено. Дождитесь окончания загрузки, попробуйте «Загрузить снова» или удалите фото.",,
gorev,gorevFotoKanitiVar,,foto kanıtı var,есть фотоподтверждение,,
gorev,gorevFotoKanitiZorunlu,,Foto kanıtı zorunlu,Требуется фотоподтверждение,,
gorev,gorevFotoKanitiZorunluAlt,,Tamamlama foto olmadan kabul edilmez,Выполнение без фото не принимается,,
gorev,gorevFotoOnlineGerekli,,"Fotoğraf yüklemek için internet bağlantısı gerekli (yükleme adresi kısa ömürlü). Bağlantı gelince ""Tekrar yükle"" ile deneyin.",Для загрузки фото нужно интернет-соединение (адрес загрузки кратковременный). При появлении связи нажмите «Загрузить снова».,,
gorev,gorevFotoOnlineGerekliKisa,,Fotoğraf yüklemek için internet bağlantısı gerekli.,Для загрузки фото нужно интернет-соединение.,,
gorev,gorevFotoZorunlu,,Foto zorunlu,Требуется фото,,
gorev,gorevFotoZorunluUyari,,Bu görev için FOTO KANITI ZORUNLU. Tamamlamadan önce fotoğraf çekip yükleyin.,Для этой задачи ОБЯЗАТЕЛЬНО фотоподтверждение. Сделайте и загрузите фото перед завершением.,,
gorev,gorevGaleridenSec,,Galeriden seç,Выбрать из галереи,,
gorev,gorevGonderiliyor,,Gönderiliyor...,Отправка...,,
gorev,gorevGuncellendi,,Görev güncellendi ✓,Задача обновлена ✓,,
gorev,gorevIslemleriTooltip,,Görev işlemleri,Действия с задачей,,
gorev,gorevKaldir,,Kaldır,Удалить,,
gorev,gorevKamera,,Kamera,Камера,,
gorev,gorevKategoriAdi,,Kategori adı,Название категории,,
gorev,gorevKategoriAdiIpucu,,örn. Havuz bakımı,напр. Обслуживание бассейна,,
gorev,gorevKategoriDiger,,Diğer,Другое,,
gorev,gorevKategoriEklendi,,"""{ad}"" eklendi",«{ad}» добавлена,,
gorev,gorevKategoriEklenemedi,,Eklenemedi: {hata},Не удалось добавить: {hata},,
gorev,gorevKategoriListeAlinamadi,,Liste alınamadı: {hata},Не удалось получить список: {hata},,
gorev,gorevKategoriSilOnay,,"""{ad}"" pasifleştirilir; mevcut görevlerin geçmişi korunur, yeni görevlerde seçilemez.","«{ad}» будет деактивирована; история существующих задач сохраняется, но выбрать её для новых задач нельзя.",,
gorev,gorevKategoriSilindi,,"""{ad}"" silindi",«{ad}» удалена,,
gorev,gorevKategoriSilinemedi,,Silinemedi: {hata},Не удалось удалить: {hata},,
gorev,gorevKategoriSilinmis,,Kategori (silinmiş),Категория (удалена),,
gorev,gorevKategoriSilinsinMi,,Kategori silinsin mi?,Удалить категорию?,,
gorev,gorevKategoriYeni,,Yeni kategori,Новая категория,,
gorev,gorevKategoriYokBos,,"Henüz kategori yok. Görev oluştururken seçilebilmesi için ""Yeni kategori"" ile ekleyin.","Категорий пока нет. Добавьте её через «Новая категория», чтобы её можно было выбрать при создании задачи.",,
gorev,gorevKategorilerTooltip,,Kategoriler,Категории,,
gorev,gorevKategorileriBaslik,,Görev kategorileri,Категории задач,,
gorev,gorevKontrolNoktasiOpsiyonel,,Kontrol noktası (NFC) — opsiyonel,Контрольная точка (NFC) — необязательно,,
gorev,gorevKontrolNoktasiYardim,,Bağlanırsa görev NFC okutularak tamamlanır,"Если привязано, задача завершается сканированием NFC",,
gorev,gorevListesiYetkiYok,,Görev listesi için yetkiniz yok. Bu ekran temizlik ve güvenlik rollerine açıktır.,У вас нет прав на просмотр списка задач. Этот экран доступен ролям уборки и охраны.,,
gorev,gorevNfcAciklama,,Bu görev NFC doğrulamalı: tamamlamadan önce görev noktasındaki etiketi okutun.,Эта задача с NFC-подтверждением: перед завершением отсканируйте метку в точке задачи.,,
gorev,gorevNfcDogrulandi,,NFC doğrulandı,NFC подтверждён,,
gorev,gorevNfcYok,,— NFC yok —,— без NFC —,,
gorev,gorevNotIpucu,,Örn. çöp konteynerleri boşaltıldı,Напр. мусорные контейнеры опорожнены,,
gorev,gorevOkundu,,Okundu: {uid},Считано: {uid},,
gorev,gorevOlusturuldu,,Görev oluşturuldu ✓,Задача создана ✓,,
gorev,gorevOncelik,,Öncelik,Приоритет,,
gorev,gorevOncelikDusuk,,Düşük,Низкий,,
gorev,gorevOncelikOrta,,Orta,Средний,,
gorev,gorevOncelikYuksek,,Yüksek,Высокий,,
gorev,gorevPasifAciklama,,Pasif görev listede görünmez,Неактивная задача не отображается в списке,,
gorev,gorevPeriyotDakika,,Periyot dakika (opsiyonel),Период в минутах (необязательно),,
gorev,gorevPeriyotYardim,,Periyodik görevler için; boş = tek seferlik,Для повторяющихся задач; пусто = однократно,,
gorev,gorevPersonelAlinamadi,,Personel listesi alınamadı: {hata},Не удалось получить список сотрудников: {hata},,
gorev,gorevPersonelYukleniyor,,Personel listesi yükleniyor...,Загрузка списка сотрудников...,,
gorev,gorevPlanlanan,,Planlanan: {zaman},Запланировано: {zaman},,
gorev,gorevPozitifSayi,,Pozitif tam sayı girin,Введите положительное целое число,,
gorev,gorevSanaAtanmis,,Sana atanmış,Назначено вам,,
gorev,gorevSilindi,,Görev silindi ✓,Задача удалена ✓,,
gorev,gorevSilinsinMi,,Görev silinsin mi?,Удалить задачу?,,
gorev,gorevTakipGorunumu,,Takip görünümü,Режим наблюдения,,
gorev,gorevTakipGorunumuAlt,,Tamamlama saha personeli tarafından yapılır (güvenlik / tesis görevlisi). Bu ekran izleme içindir.,Выполнение производится сотрудниками на месте (охрана / техник). Этот экран — для наблюдения.,,
gorev,gorevTaleptenGeldi,,Talepten geldi,Из заявки,,
gorev,gorevTamamla,,Tamamla,Завершить,,
gorev,gorevTamamlamaOfflineUyari,,"Tamamlama gönderilemedi — internet bağlantısı gerekli. Bağlantı gelince tekrar ""Tamamla""ya basın; aynı kayıt çift oluşmaz (Idempotency-Key sabit). Fotoğraflı tamamlama offline desteklenmez (bilinen kısıt).",Не удалось отправить выполнение — нужно интернет-соединение. При появлении связи снова нажмите «Завершить»; та же запись не продублируется (Idempotency-Key фиксирован). Выполнение с фото офлайн не поддерживается (известное ограничение).,,
gorev,gorevTamamlandiBuOturumda,,Tamamlandı ✓ (bu oturumda),Выполнено ✓ (в этом сеансе),,
gorev,gorevTamamlandiKayit,,Görev tamamlandı — kayıt oluşturuldu.,Задача выполнена — запись создана.,,
gorev,gorevTamamlandiZatenKayitli,,Tamamlandı ✓ (zaten kayıtlıydı),Выполнено ✓ (уже было записано),,
gorev,gorevTekrarYukle,,Tekrar yükle,Загрузить снова,,
gorev,gorevTipi,,Görev tipi,Тип задачи,,
gorev,gorevTipiYokUyari,,"Henüz görev tipi tanımlamadınız. Üstteki ""Kategoriler"" ekranından kendi tiplerinizi ekleyebilirsiniz; şimdilik ""Diğer"" kullanılır.",Вы ещё не задали типы задач. Свои типы можно добавить на экране «Категории» выше; пока используется «Другое».,,
gorev,gorevTipleriYukleniyor,,Görev tipleri yükleniyor...,Загрузка типов задач...,,
gorev,gorevYeni,,Yeni görev,Новая задача,,
gorev,gorevYeniTamamlamaBaslat,,Yeni tamamlama başlat,Начать новое выполнение,,
gorev,gorevYenidenCek,,Yeniden çek,Снять заново,,
gorev,gorevYenidenOkut,,Yeniden okut,Считать снова,,
gorev,gorevYuklendi,,Yüklendi ✓,Загружено ✓,,
gorev,gorevYukleniyorNokta,,Yükleniyor...,Загрузка...,,
gorev,gorevZaman,,Zaman: {zaman},Время: {zaman},,
gorev,gorevZatenKayitliydi,,Bu tamamlama zaten kayıtlıydı (tekrar gönderim — çift kayıt oluşmadı).,Это выполнение уже было записано (повторная отправка — дубликат не создан).,,
gun,gunTipiHaftaIci,,Hafta içi,По будням,,
gun,gunTipiHaftaSonu,,Hafta sonu,По выходным,,
gun,gunTipiHerGun,,Her gün,Каждый день,,
gun,gunTipiResmiTatil,,Resmî tatil,Государственные праздники,,
hata,hataSunucuyaUlasilamadi,,Sunucuya ulaşılamadı. Ağ bağlantınızı ve sunucu adresini kontrol edin.,Не удалось связаться с сервером. Проверьте подключение к сети и адрес сервера.,,
hata,hataZamanAsimi,,Sunucuya bağlanırken zaman aşımı oluştu.,Истекло время ожидания подключения к серверу.,,
ihlal,ihlalAciklamaAlani,,Açıklama (isteğe bağlı),Описание (необязательно),,
ihlal,ihlalAcildi,,İhlal kaydı açıldı,Запись о нарушении создана,,
ihlal,ihlalBaslikAlani,,Başlık,Заголовок,,
ihlal,ihlalBaslikZorunlu,,Başlık zorunlu,Заголовок обязателен,,
ihlal,ihlalDurumGuncellendi,,İhlal durumu güncellendi,Статус нарушения обновлён,,
ihlal,ihlalDurumInceleniyor,,İnceleniyor,На рассмотрении,,
ihlal,ihlalDurumKapatildi,,Kapatıldı,Закрыто,,
ihlal,ihlalDurumYeni,,Yeni,Новое,,
ihlal,ihlalErisimYok,,İhlal kayıtları yalnız yönetim ve güvenlik içindir,Записи о нарушениях доступны только администрации и охране,,
ihlal,ihlalIncelemeyeAl,,İncelemeye al,Взять на рассмотрение,,
ihlal,ihlalKapaliDegistirilemez,,Kapatılmış ihlal yeniden açılamaz,Закрытое нарушение нельзя открыть снова,,
ihlal,ihlalKapat,,Kaydı kapat,Закрыть запись,,
ihlal,ihlalKapatmaOnay,,Kayıt kapatılsın mı? Kapatılan ihlal yeniden açılamaz.,Закрыть запись? Закрытое нарушение нельзя открыть снова.,,
ihlal,ihlalKaydeden,ad,Açan: {ad},Открыл: {ad},,
ihlal,ihlalKaynakAlani,,Tespit kaynağı,Источник обнаружения,,
ihlal,ihlalKaynakDevriye,,Devriye,Обход,,
ihlal,ihlalKaynakKamera,,Kamera,Камера,,
ihlal,ihlalKaynakManuel,,Manuel,Вручную,,
ihlal,ihlalKonumAlani,,Konum (isteğe bağlı),Место (необязательно),,
ihlal,ihlalListeBos,,İhlal kaydı yok,Нет записей о нарушениях,,
ihlal,ihlalYeni,,Yeni ihlal,Новое нарушение,,
izin,izinAtlandiEki,, ({n} zaten açık), ({n} уже открыто),,
izin,izinBaslik,,Görüntüleme izni,Разрешение на просмотр,,
izin,izinDaireEki,, — {daire}, — {daire},,
izin,izinDaireIstegi,,Daire görüntüleme isteği{daire},Запрос на просмотр квартиры{daire},,
izin,izinDaireNo,,Daire no (örn. A-12),Номер квартиры (напр. A-12),,
izin,izinDurumEtiket,,Durum: {durum},Статус: {durum},,
izin,izinDurumOnaylandi,,Onaylandı,Одобрено,,
izin,izinGonderilemedi,,Gönderilemedi: {hata},Не удалось отправить: {hata},,
izin,izinGoruntulenebilirDaireler,,Görüntülenebilir daireler ({n}),Доступные квартиры ({n}),,
izin,izinHedef,,Hedef: {ad},Получатель: {ad},,
izin,izinIsteBaslik,,Görüntüleme izni iste,Запросить разрешение на просмотр,,
izin,izinIstekGonder,,İstek gönder,Отправить запрос,,
izin,izinIstekGonderildi,,İstek gönderildi — sakinin onayı bekleniyor,Запрос отправлен — ожидается согласие жителя,,
izin,izinIstekYokSakin,,Dairenize gelen görüntüleme isteği yok.,Для вашей квартиры запросов нет.,,
izin,izinIstekYokYonetim,,"Henüz izin isteğiniz yok. ""Yeni istek"" ile bir daire, üstteki ""Tüm daireler"" ile tümü için izin isteyin.","У вас пока нет запросов. Через «Новый запрос» — для одной квартиры, через «Все квартиры» выше — для всех.",,
izin,izinIsteyen,,İsteyen: {ad},Запросил: {ad},,
izin,izinKargolar,,Kargolar,Посылки,,
izin,izinKaydeden,,Kaydeden: {ad},Записал: {ad},,
izin,izinKayitBaslik,"baslik,daire",{baslik}{daire},{baslik}{daire},,
izin,izinKayitYok,,Bu dairede kayıt yok.,По этой квартире записей нет.,,
izin,izinKullanildi,,Kullanıldı,Использовано,,
izin,izinKullanildiUyari,,İzin kullanıldı (tek seferlik). Tekrar görmek için yeni istek açın.,"Разрешение использовано (однократное). Чтобы посмотреть снова, создайте новый запрос.",,
izin,izinOnayla,,Onayla,Одобрить,,
izin,izinOnayli,,Onaylı,Одобрено,,
izin,izinSuresiDoldu,,İzin kullanıldı veya süresi doldu (tek seferlik). Tekrar görüntülemek için yeni bir izin isteği açın.,"Разрешение использовано или истекло (однократное). Создайте новый запрос, чтобы посмотреть снова.",,
izin,izinTekSeferlikUyari,,Tek seferlik izinle görüntüleniyor — yenilemede erişim kapanır.,Просмотр по однократному разрешению — при обновлении доступ закроется.,,
izin,izinTopluGonderildi,"n,atlandi",{n} daire için istek gönderildi{atlandi} — sakin onayları bekleniyor,Запросы отправлены по {n} квартирам{atlandi} — ожидаются согласия жителей,,
izin,izinTumDaireUyari,,Sakini olan tüm daireler için görüntüleme izni isteği gönderilecek. Her daire kendi sakininin onayına bağlıdır — yalnızca onaylayan dairelerin kayıtlarını görebilirsiniz.,Запрос на просмотр будет отправлен по каждой квартире с жителем. Каждая зависит от согласия своего жителя — вы увидите записи только одобривших квартир.,,
izin,izinTumDairelere,,Tüm dairelere izin iste,Запросить доступ ко всем квартирам,,
izin,izinVerildi,,İzin verildi,Разрешение выдано,,
izin,izinYeniIstek,,Yeni istek,Новый запрос,,
kabuk,kabukCikisYap,,Çıkış Yap,Выйти,,
kabuk,kabukProfil,,Profil,Профиль,,
kamera,kameraAd,,Ad,Название,,
kamera,kameraAktif,,Aktif,Активна,,
kamera,kameraAktifAlt,,Kapalıyken hiçbir listede görünmez,"Если выключено, не отображается ни в одном списке",,
kamera,kameraBaslik,,Kameralar,Камеры,,
kamera,kameraBosSakin,,Görüntülemenize açık kamera yok.,Вам не открыта ни одна камера.,,
kamera,kameraBosYonetim,,Kamera tanımı yok. Sağ alttan ekleyebilirsiniz.,Камер пока нет. Добавьте камеру кнопкой снизу.,,
kamera,kameraCanli,,Canlı,В эфире,,
kamera,kameraDuzenleBaslik,,Kamerayı düzenle,Изменение камеры,,
kamera,kameraEkle,,Kamera Ekle,Добавить камеру,,
kamera,kameraKonum,,Konum (opsiyonel),Расположение (необязательно),,
kamera,kameraListeHata,,Kameralar yüklenemedi.,Не удалось загрузить камеры.,,
kamera,kameraOynatilamiyor,,Oynatılamıyor,Воспроизведение недоступно,,
kamera,kameraRtspBilgi,,RTSP yayınlar şu an uygulama içinde oynatılamıyor. Kayıt sistemde tutuluyor; oynatma desteği ileride eklenecek.,Потоки RTSP сейчас нельзя воспроизвести в приложении. Запись хранится в системе; поддержка появится позже.,,
kamera,kameraRtspFormUyari,,RTSP yayınlar şu an uygulama içinde oynatılamaz. Kayıt saklanır; oynatma desteği ileride eklenecek.,Потоки RTSP пока нельзя воспроизвести в приложении. Запись сохраняется; поддержка появится позже.,,
kamera,kameraSakinGorebilir,,Site sakinleri görebilsin,Доступна жителям,,
kamera,kameraSakinGorebilirAlt,,Kapalıyken kamerayı yalnızca yönetim ve güvenlik görür,"Если выключено, камеру видят только управление и охрана",,
kamera,kameraSeritBaslik,,Canlı Kamera,Камера в реальном времени,,
kamera,kameraSilBaslik,,Kamerayı sil,Удалить камеру,,
kamera,kameraSilOnay,,"""{ad}"" silinsin mi?",Удалить «{ad}»?,,
kamera,kameraTur,,Tür,Тип,,
kamera,kameraTurEtiket,,Tür: {tur},Тип: {tur},,
kamera,kameraUrl,,Yayın URL'si,URL потока,,
kamera,kameraUrlHataHttp,,{tur} yayın adresi http:// veya https:// ile başlamalı,Адрес потока {tur} должен начинаться с http:// или https://,,
kamera,kameraUrlHataRtsp,,RTSP yayın adresi rtsp:// ile başlamalı,Адрес потока RTSP должен начинаться с rtsp://,,
kamera,kameraUrlZorunlu,,Yayın adresi zorunludur,Укажите адрес потока,,
kamera,kameraYayinAcilamadi,,Yayın açılamadı,Не удалось открыть поток,,
kamera,kameraYayinAcilamadiAlt,,Kamera kapalı olabilir ya da ağ yayına ulaşamıyor.,"Камера может быть выключена, или сеть не может получить поток.",,
kamera,kameraYeni,,Yeni kamera,Новая камера,,
kar,karAdEki,, — {ad}, — {ad},,
kar,karBaslik,,Kargo,Посылки,,
kar,karBekleyenYok,,Teslim bekleyen kargo yok.,Посылок к получению нет.,,
kar,karBekleyenYokSakin,,Teslim bekleyen kargonuz yok.,У вас нет посылок к получению.,,
kar,karDaire,,Daire: {daire},Кв.: {daire},,
kar,karDaireNo,,Daire no * (örn. A-12),Номер квартиры * (напр. A-12),,
kar,karDaireNoGerekli,,Daire no gerekli,Номер квартиры обязателен,,
kar,karDaireTarih,"daire,zaman",Daire: {daire} · {zaman},Кв.: {daire} · {zaman},,
kar,karFirma,,Kargo firması *,Служба доставки *,,
kar,karFirmaGerekli,,Kargo firması gerekli,Служба доставки обязательна,,
kar,karGonderilemedi,,Kayıt gönderilemedi. Tekrar deneyin.,Не удалось отправить запись. Попробуйте снова.,,
kar,karIsaretlenemedi,,İşaretlenemedi. Tekrar deneyin.,Не удалось отметить. Попробуйте снова.,,
kar,karKaydedildi,,Kargo kaydedildi — daire sakinlerine bildirildi ✓,Посылка записана — жители квартиры уведомлены ✓,,
kar,karKaydetVeBildir,,Kaydet ve sakinlere bildir,Сохранить и уведомить жителей,,
kar,karKayit,,Kayıt: {zaman},Запись: {zaman},,
kar,karNot,,Not: {not},Примечание: {not},,
kar,karPaketFotografi,,Paket fotoğrafı (opsiyonel),Фото посылки (необязательно),,
kar,karSekmeBekleyen,,Bekleyen ({n}),Ожидают ({n}),,
kar,karSekmeTeslim,,Teslim alınan ({n}),Полученные ({n}),,
kar,karTeslimAldim,,Teslim aldım,Я получил,,
kar,karTeslimAlindiBildirim,,Kargo teslim alındı ✓,Посылка получена ✓,,
kar,karTeslimYok,,Henüz teslim alınan kargo kaydı yok.,Записей о полученных посылках пока нет.,,
kar,karYeni,,Yeni kargo,Новая посылка,,
kar,karZamanEki,, · {zaman}, · {zaman},,
kargo,kargoDurumTeslimAlindi,,Teslim alındı,Получено,,
kart,kartAidatBilgileri,,Aidat Bilgileri,Взносы,,
kart,kartAidatDurumu,,Aidat Durumu,Состояние взносов,,
kart,kartAracPlaka,,Araç Plaka,Автомобили,,
kart,kartDemirbas,,Demirbaş,Инвентарь,,
kart,kartGeriBildirim,,Geri Bildirim,Обращения,,
kart,kartGonderimKuyrugu,,Gönderim Kuyruğu,Очередь отправки,,
kart,kartGorevler,,Görevler,Задачи,,
kart,kartGorevlerim,,Görevlerim,Мои задачи,,
kart,kartGurultuSikayeti,,Gürültü Şikayeti,Жалоба на шум,,
kart,kartIhlaller,,İhlaller,Нарушения,,
kart,kartKargo,,Kargo,Посылки,,
kart,kartKargolarim,,Kargolarım,Мои посылки,,
kart,kartOtoparkKullanimi,,Otopark Kullanımı,Парковка,,
kart,kartRaporlar,,Raporlar,Отчёты,,
kart,kartSikayetler,,Şikayetler,Жалобы,,
kart,kartSikayetlerim,,Şikayetlerim,Мои жалобы,,
kart,kartSiteRaporlari,,Site Raporları,Отчёты комплекса,,
kart,kartTalepAriza,,Talep / Arıza,Заявки,,
kart,kartTurlarim,,Turlarım,Мои обходы,,
kart,kartVardiyaDurum,,Vardiya Durum,Смена,,
kart,kartYonetici,,Yönetici,Управляющий,,
kart,kartZiyaretci,,Ziyaretçi,Посетители,,
kart,kartZiyaretciler,,Ziyaretçiler,Посетители,,
kategori,kategoriGurultu,,Gürültü,Шум,,
kategori,kategoriKapiOnuAyakkabi,,Kapı önü / ayakkabı,Перед дверью / обувь,,
kategori,kategoriZararVerme,,Zarar verme,Порча имущества,,
kural,kuralAramaBos,,Aramayla eşleşen kural yok.,"Нет правил, подходящих под поиск.",,
kural,kuralAramaIpucu,,Başlıkta ara (örn. havuz),Поиск по заголовкам (напр. бассейн),,
kural,kuralBaslik,,Site Kuralları,Правила объекта,,
kural,kuralBaslikAlan,,Başlık * (örn. Havuz Saatleri),Заголовок * (напр. Часы бассейна),,
kural,kuralBaslikGerekli,,Başlık gerekli,Заголовок обязателен,,
kural,kuralDuzenleBaslik,,Kuralı düzenle,Изменить правило,,
kural,kuralEkleButon,,Kuralı ekle,Добавить правило,,
kural,kuralEklendi,,Kural eklendi ✓,Правило добавлено ✓,,
kural,kuralGuncellendi,,Kural güncellendi ✓,Правило обновлено ✓,,
kural,kuralMetni,,Kural metni *,Текст правила *,,
kural,kuralMetniGerekli,,Kural metni gerekli,Текст правила обязателен,,
kural,kuralMevcutGorsel,,Mevcut görsel korunuyor,Текущее изображение сохраняется,,
kural,kuralSilOnayBaslik,,Kural silinsin mi?,Удалить правило?,,
kural,kuralSilOnayGovde,,"""{baslik}"" kalıcı olarak silinecek.","""{baslik}"" будет удалено безвозвратно.",,
kural,kuralSilindi,,Kural silindi ✓,Правило удалено ✓,,
kural,kuralSira,,Sıra (küçük önce),Порядок (меньше — раньше),,
kural,kuralSiraGecersiz,,Sıra 0 veya pozitif tam sayı olmalı,Порядок должен быть 0 или положительным целым,,
kural,kuralYeni,,Yeni kural,Новое правило,,
kural,kuralYokSakin,,Henüz kural yayınlanmamış.,Правила пока не опубликованы.,,
kural,kuralYokYonetim,,"Henüz kural yok. ""Yeni kural"" ile ekleyin.","Правил пока нет. Добавьте через ""Новое правило"".",,
kuyruk,kuyrukBekliyor,,Bekliyor,Ожидает,,
kuyruk,kuyrukBekliyorDeneme,,Bekliyor (deneme: {n}),Ожидает (попытка: {n}),,
kuyruk,kuyrukBos,,Kuyruk boş.,Очередь пуста.,,
kuyruk,kuyrukEtiketEslesmedi,,etiket eşleşmedi,метка не совпала,,
kuyruk,kuyrukGonderildiYeni,,Gönderildi (yeni kayıt),Отправлено (новая запись),,
kuyruk,kuyrukGonderildiZatenVar,,Gönderildi (zaten kayıtlıydı),Отправлено (уже было записано),,
kuyruk,kuyrukGonderiliyor,,Gönderiliyor...,Отправка...,,
kuyruk,kuyrukHatalariTemizle,,Kalıcı hataları temizle,Очистить постоянные ошибки,,
kuyruk,kuyrukKaliciHata,,Kalıcı hata: {hata},Постоянная ошибка: {hata},,
kuyruk,kuyrukOzet,"bekleyen,hatali",{bekleyen} bekliyor · {hatali} kalıcı hata,{bekleyen} в очереди · {hatali} постоянных ошибок,,
kuyruk,kuyrukSenkronla,,Şimdi senkronla,Синхронизировать,,
modul,modulAidatim,,Aidatım,Мои взносы,,
modul,modulAracGecis,,Araç Geçişleri,Проезды автомобилей,,
modul,modulAylikRaporlar,,Aylık Raporlar,Ежемесячные отчёты,,
modul,modulBinaYapisi,,Bina Yapısı,Структура здания,,
modul,modulButce,,Bütçe,Бюджет,,
modul,modulDemirbas,,Demirbaş,Инвентарь,,
modul,modulDevriyeTakibi,,Devriye Takibi,Контроль обходов,,
modul,modulDisHizmetler,,Dış Hizmetler,Внешние услуги,,
modul,modulDuyurular,,Duyurular,Объявления,,
modul,modulEntegrasyonlar,,Entegrasyonlar,Интеграции,,
modul,modulEtkinlikler,,Etkinlikler,Мероприятия,,
modul,modulFinansalOzet,,Finansal Özet,Финансовая сводка,,
modul,modulGonderimKuyrugu,,Gönderim Kuyruğu,Очередь отправки,,
modul,modulGorevYonetimi,,Görev Yönetimi,Управление задачами,,
modul,modulGorevlerim,,Görevlerim,Мои задачи,,
modul,modulGoruntulemeIzni,,Görüntüleme İzni,Разрешение на просмотр,,
modul,modulIhlaller,,İhlaller,Нарушения,,
modul,modulKargo,,Kargo,Посылки,,
modul,modulNfcOkutma,,NFC Okutma,Сканирование NFC,,
modul,modulOtopark,,Otopark,Парковка,,
modul,modulPersonel,,Saha Personeli,Персонал,,
modul,modulRezervasyon,,Rezervasyon,Бронирование,,
modul,modulSakinler,,Site Sakinleri,Жители,,
modul,modulSeffaflik,,Şeffaflık,Прозрачность,,
modul,modulSikayetHaritasi,,Şikayet Haritası,Карта жалоб,,
modul,modulSikayetOneri,,Şikayet / Öneri,Жалоба / предложение,,
modul,modulSikayetlerim,,Şikayetlerim,Мои жалобы,,
modul,modulSiteButcesi,,Site Bütçesi,Бюджет комплекса,,
modul,modulSiteKurallari,,Site Kuralları,Правила комплекса,,
modul,modulTurlarim,,Turlarım,Мои обходы,,
modul,modulYoneticiIletisim,,Yönetici İletişim,Связь с управляющим,,
modul,modulZiyaretciler,,Ziyaretçiler,Посетители,,
nfc,nfcAktifNoktaYok,,Aktif kontrol noktası yok.,Активных контрольных точек нет.,,
nfc,nfcAktifNoktaYokAlt,,"Önce ""Kontrol noktaları""ndan ekleyin.",Сначала добавьте её в разделе «Контрольные точки».,,
nfc,nfcBaslik,,NFC etiket okuma,Чтение NFC-метки,,
nfc,nfcEslesmeYok,,Bu etiket hiçbir checkpoint ile eşleşmiyor.,Эта метка не соответствует ни одной контрольной точке.,,
nfc,nfcGonderildi,,Gönderildi ✓ — okutma kaydedildi.,Отправлено ✓ — сканирование записано.,,
nfc,nfcGonderildiZatenVar,,Gönderildi ✓ — bu okutma zaten kayıtlıydı.,Отправлено ✓ — это сканирование уже было записано.,,
nfc,nfcHataBilinmeyen,,Bilinmeyen bir hata oluştu.,Произошла неизвестная ошибка.,,
nfc,nfcHataCozumlenemedi,,Etiket çözümlenemedi: {detay},Не удалось разобрать метку: {detay},,
nfc,nfcHataDesteklenmiyor,,Bu cihaz NFC desteklemiyor.,Это устройство не поддерживает NFC.,,
nfc,nfcHataKapali,,NFC kapalı. Lütfen cihaz ayarlarından NFC'yi açın.,NFC отключён. Включите NFC в настройках устройства.,,
nfc,nfcHataOkumaIptal,,Okuma iptal edildi: {detay},Чтение отменено: {detay},,
nfc,nfcHataOturum,,NFC oturumu başlatılamadı: {detay},Не удалось начать NFC-сессию: {detay},,
nfc,nfcHataUidOkunamadi,,Etiket UID okunamadı.,Не удалось прочитать UID метки.,,
nfc,nfcHazir,,Okumaya hazır. Başlat'a dokunun.,Готово к чтению. Нажмите «Начать».,,
nfc,nfcIosIptal,,İptal edildi,Отменено,,
nfc,nfcIosOkunamadi,,Okunamadı,Не удалось прочитать,,
nfc,nfcIosOkundu,,Okundu,Прочитано,,
nfc,nfcIosYaklastir,,Etiketi telefonun arkasına yaklaştırın.,Поднесите метку к задней части телефона.,,
nfc,nfcKaydedildiBekliyor,,Kaydedildi ✓ — bağlantı gelince otomatik gönderilecek.,Сохранено ✓ — будет отправлено автоматически при появлении связи.,,
nfc,nfcKaydedildiGonderiliyor,,Kaydedildi ✓ — gönderiliyor...,Сохранено ✓ — отправка...,,
nfc,nfcKuyruk,,Gönderim kuyruğu,Очередь отправки,,
nfc,nfcKuyrukBekleyen,n,{n} okutma gönderim bekliyor,"{n, plural, one{{n} сканирование ожидает отправки} few{{n} сканирования ожидают отправки} many{{n} сканирований ожидают отправки} other{{n} сканирований ожидают отправки}}",,
nfc,nfcManuelOkut,,Manuel okut (test),Ручное сканирование (тест),,
nfc,nfcNoktalarAlinamadi,,Noktalar alınamadı: {hata},Не удалось загрузить точки: {hata},,
nfc,nfcOkumayaBasla,,Okumayı başlat,Начать чтение,,
nfc,nfcOkundu,,Etiket okundu.,Метка прочитана.,,
nfc,nfcSdmBaslik,,"SDM (ham, doğrulanmamış)","SDM (сырой, не проверен)",,
nfc,nfcTekrarOku,,Tekrar oku,Прочитать снова,,
nfc,nfcTestAlt,,Fiziksel etiket olmadan okutmayı simüle eder.,Имитирует сканирование без физической метки.,,
nfc,nfcTestBaslik,,TEST: hangi noktayı okutalım?,ТЕСТ: какую точку сканируем?,,
nfc,nfcTestGorunur,,Yalnızca test derlemesinde görünür.,Виден только в тестовой сборке.,,
nfc,nfcTipEtiket,,Tip,Тип,,
nfc,nfcUidSatir,,UID: {uid},UID: {uid},,
nfc,nfcYaklastirBekliyor,,Etiketi telefonun arkasına yaklaştırın...,Поднесите метку к задней части телефона...,,
nokta,noktaAdIpucu,,örn. Giriş Kapısı,напр. Главный вход,,
nokta,noktaBaslik,,Kontrol Noktaları,Контрольные точки,,
nokta,noktaBoylam,,Boylam (ops.),Долгота (опц.),,
nokta,noktaDuzenleBaslik,,Nokta düzenle,Изменить точку,,
nokta,noktaEkle,,Nokta ekle,Добавить точку,,
nokta,noktaEnlem,,Enlem (ops.),Широта (опц.),,
nokta,noktaListelenemedi,,Noktalar listelenemedi.,Не удалось загрузить точки.,,
nokta,noktaPasifAlt,,Pasif nokta okutmada eşleşmez,Неактивная точка не сопоставляется при сканировании,,
nokta,noktaSilGovde,,"""{ad}"" kontrol noktası silinecek.","Контрольная точка ""{ad}"" будет удалена.",,
nokta,noktaSilOnay,,Nokta silinsin mi?,Удалить точку?,,
nokta,noktaSilindi,,Nokta silindi ✓,Точка удалена ✓,,
nokta,noktaUidAlan,,NFC etiket UID,UID NFC-метки,,
nokta,noktaUidHelper,,Etiketin benzersiz kimliği (hex).,Уникальный идентификатор метки (hex).,,
nokta,noktaUidIpucu,,örn. 04A2B3C4D5,напр. 04A2B3C4D5,,
nokta,noktaUidZatenVar,,Bu NFC etiketi zaten kayıtlı.,Эта NFC-метка уже зарегистрирована.,,
nokta,noktaUidZorunlu,,NFC UID zorunludur,UID NFC обязателен,,
nokta,noktaYeniBaslik,,Yeni kontrol noktası,Новая контрольная точка,,
nokta,noktaYok,,"Henüz kontrol noktası yok.
Sağ alttan NFC noktası ekleyin.","Контрольных точек пока нет.
Добавьте NFC-точку кнопкой справа снизу.",,
okutma,okutmaBeklenmeyenHata,,Beklenmeyen hata: {detay},Непредвиденная ошибка: {detay},,
okutma,okutmaImzaGecersiz,,Etiket imzası doğrulanamadı — sahte veya yanlış etiket olabilir.,"Не удалось проверить подпись метки — возможно, она поддельная или неверная.",,
okutma,okutmaTekrarEdilmis,,Bu okutma daha önce işlendi.,Это сканирование уже обработано.,,
ortak,ortakAdGerekli,,Ad gerekli,Название обязательно,,
ortak,ortakAdSoyad,,Ad Soyad,Имя и фамилия,,
ortak,ortakBeklenmeyenHata,,Beklenmeyen bir hata oluştu. Lütfen tekrar deneyin.,Произошла непредвиденная ошибка. Попробуйте снова.,,
ortak,ortakBolumYakinda,,Bu bölüm yakında,Этот раздел скоро появится,,
ortak,ortakCepTelefonu,,Cep telefonu,Мобильный номер,,
ortak,ortakDaireNoIpucu,,örn. A-12,напр. A-12,,
ortak,ortakDuzenle,,Düzenle,Изменить,,
ortak,ortakEkle,,Ekle,Добавить,,
ortak,ortakFotoBekleyinVeyaKaldir,,Fotoğraf henüz yüklenmedi. Yüklemenin bitmesini bekleyin veya fotoyu kaldırın.,Фото ещё не загружено. Дождитесь окончания загрузки или удалите фото.,,
ortak,ortakFotoOnlineTekrarDene,,Fotoğraf yüklemek için internet bağlantısı gerekli. Bağlantı gelince tekrar deneyin.,"Для загрузки фото нужно интернет-соединение. Повторите попытку, когда связь вернётся.",,
ortak,ortakFotograf,,Fotoğraf,Фото,,
ortak,ortakFotografiBuyut,,Fotoğrafı büyüt,Увеличить фото,,
ortak,ortakGaleri,,Galeri,Галерея,,
ortak,ortakGeciciKodBaslik,,Geçici giriş kodu,Временный код входа,,
ortak,ortakGoster,,Göster,Открыть,,
ortak,ortakGuncelle,,Güncelle,Обновить,,
ortak,ortakIptal,,İptal,Отмена,,
ortak,ortakIslemler,,İşlemler,Действия,,
ortak,ortakKapat,,Kapat,Закрыть,,
ortak,ortakKaydediliyor,,Kaydediliyor...,Сохранение...,,
ortak,ortakKaydet,,Kaydet,Сохранить,,
ortak,ortakKopyala,,Kopyala,Копировать,,
ortak,ortakKopyalandi,,Kopyalandı,Скопировано,,
ortak,ortakNotOpsiyonel,,Not (opsiyonel),Примечание (необязательно),,
ortak,ortakOlustur,,Oluştur,Создать,,
ortak,ortakParolaZorunlu,,Parola zorunludur,Пароль обязателен,,
ortak,ortakParolalarEslesmiyor,,Parolalar eşleşmiyor,Пароли не совпадают,,
ortak,ortakParolayiGizle,,Parolayı gizle,Скрыть пароль,,
ortak,ortakParolayiGoster,,Parolayı göster,Показать пароль,,
ortak,ortakSil,,Sil,Удалить,,
ortak,ortakTamam,,Tamam,ОК,,
ortak,ortakTekrarDene,,Tekrar dene,Повторить,,
ortak,ortakTelefonIpucu,,örn. 0532 111 22 03,напр. 0532 111 22 03,,
ortak,ortakTelefonZorunlu,,Telefon zorunludur,Телефон обязателен,,
ortak,ortakTumunuGor,,Tümünü Gör,Показать все,,
ortak,ortakVazgec,,Vazgeç,Отмена,,
ortak,ortakYakinda,,Yakında,Скоро,,
ortak,ortakYeniParola,,Yeni parola,Новый пароль,,
ortak,ortakYeniParolaTekrar,,Yeni parola (tekrar),Новый пароль (повторно),,
ortak,ortakYeniParolaZorunlu,,Yeni parola zorunludur,Новый пароль обязателен,,
ortak,ortakYenidenDene,,Yeniden dene,Повторить,,
ortak,ortakYenile,,Yenile,Обновить,,
ortak,ortakYuklenemedi,,Yüklenemedi,Не удалось загрузить,,
ortak,ortakYuzde,,%{yuzde},{yuzde}%,,
ortak,ortakZorunluAlan,,{alan} zorunludur,Заполните поле «{alan}»,,
otopark,otoparkAracListesi,,Araç geçişlerini aç,Открыть проезды,,
otopark,otoparkBosEtiket,,Boş,Свободно,,
otopark,otoparkDoluEtiket,,Dolu,Занято,,
otopark,otoparkDoluKapasite,"dolu,kapasite",{dolu} / {kapasite},{dolu} / {kapasite},,
otopark,otoparkKapasiteEtiket,,Kapasite,Вместимость,,
otopark,otoparkKapasiteTanimsiz,,Kapasite tanımlı değil — yalnız içerideki araç sayısı gösterilir,Вместимость не задана — показано только число автомобилей внутри,,
ozet,ozetBuAy,,Bu Ay,Этот месяц,,
ozet,ozetOtoparkDoluluk,,Otopark Doluluk,Занятость парковки,,
ozet,ozetSuAn,,Şu An,Сейчас,,
ozet,ozetTahsilatOrani,,Aidat Tahsilat Oranı,Собираемость взносов,,
ozet,ozetToplamDaire,,Toplam Daire,Всего квартир,,
ozet,ozetToplamTahsilat,,Toplam Tahsilat,Всего собрано,,
ozet,ozetTumSite,,Tüm Site,Весь комплекс,,
parola,parolaBelirleAciklama,,Geçici kodla ilk girişinizi yaptınız. Devam etmek için kendi kalıcı parolanızı oluşturun; sonraki girişlerde daire no + bu parolayı kullanacaksınız.,"Вы вошли впервые по временному коду. Чтобы продолжить, создайте постоянный пароль; в дальнейшем вы будете входить по номеру квартиры и этому паролю.",,
parola,parolaBelirleBaslik,,Parolanızı belirleyin,Задайте пароль,,
parola,parolaBelirleButon,,Parolayı belirle,Задать пароль,,
parola,parolaGiriseDon,,Girişe dön,Вернуться к входу,,
parola,parolaKuraliBuyukHarf,,En az bir büyük harf içermeli,Должен содержать хотя бы одну заглавную букву,,
parola,parolaKuraliKisa,,En az 8 karakter olmalı,Не менее 8 символов,,
parola,parolaKuraliRakam,,En az bir rakam içermeli,Должен содержать хотя бы одну цифру,,
parola,parolaKuraliSembol,,En az bir sembol içermeli (! ? @ # . -),Должен содержать хотя бы один символ (! ? @ # . -),,
personel,personelAktiflestir,,Aktifleştir,Активировать,,
personel,personelAktiflestirildi,,Aktifleştirildi ✓,Активирован ✓,,
personel,personelBosBirakDegismezNokta,,Boş bırakırsanız değişmez.,Оставьте пустым — не изменится.,,
personel,personelDuzenle,,Personel düzenle,Изменить сотрудника,,
personel,personelEkle,,Personel ekle,Добавить сотрудника,,
personel,personelEklendi,,Personel eklendi ✓,Сотрудник добавлен ✓,,
personel,personelEklendiKod,,Personel eklendi. Bu kodu personele iletin; telefon + bu kod ile girip parolasını belirler.,Сотрудник добавлен. Передайте ему этот код: он входит по телефону + этому коду и задаёт пароль.,,
personel,personelFoto,,Fotoğraf,Фото,,
personel,personelGuncellendi,,Personel güncellendi ✓,Сотрудник обновлён ✓,,
personel,personelListelenemedi,,Personel listelenemedi.,Не удалось загрузить список сотрудников.,,
personel,personelPasiflestir,,Pasifleştir,Деактивировать,,
personel,personelPasiflestirildi,,Pasifleştirildi ✓,Деактивирован ✓,,
personel,personelSifirlaGovde,,{ad} için yeni geçici kod üretilecek; eski parola geçersiz olur.,Для {ad} будет создан новый временный код; старый пароль перестанет работать.,,
personel,personelTelefonOpsiyonel,,Cep telefonu (opsiyonel),Мобильный номер (необязательно),,
personel,personelYeniKodMesaji,,Yeni geçici kod. Personele iletin; telefon + bu kod ile girip parolasını belirler.,Новый временный код. Передайте его сотруднику: он входит по телефону + этому коду и задаёт пароль.,,
personel,personelYok,,"Henüz saha personeli yok.
Sağ alttan ekleyebilirsiniz.","Сотрудников пока нет.
Добавьте кнопкой справа снизу.",,
profil,profilAranabilir,,Aranabilir,Доступен для звонка,,
profil,profilAranabilirAlt,,Yetkili roller (rıza gerektiren arama) numaranıza ulaşabilir,Уполномоченные роли (звонок по согласию) смогут увидеть ваш номер,,
profil,profilFotoBaslik,,Profil fotoğrafı,Фото профиля,,
profil,profilFotoGuncellendi,,Profil fotoğrafı güncellendi ✓,Фото профиля обновлено ✓,,
profil,profilFotoKaldirildi,,Profil fotoğrafı kaldırıldı,Фото профиля удалено,,
profil,profilFotoSec,,Fotoğraf seç,Выбрать фото,,
profil,profilIletisimGuncellendi,,İletişim bilgileri güncellendi ✓,Контактные данные обновлены ✓,,
profil,profilIletisimKaydet,,İletişimi kaydet,Сохранить контакт,,
profil,profilMevcutParola,,Mevcut parola,Текущий пароль,,
profil,profilMevcutParolaZorunlu,,Mevcut parola zorunludur,Текущий пароль обязателен,,
profil,profilNumaraYok,,Numara girilmemiş,Номер не указан,,
profil,profilParolaDegistir,,Parola değiştir,Смена пароля,,
profil,profilParolaGuncelle,,Parolayı güncelle,Обновить пароль,,
profil,profilParolaGuncellendi,,Parola güncellendi ✓,Пароль обновлён ✓,,
profil,profilTelefon,,Telefon,Телефон,,
profil,profilTelefonIpucu,,örn. +905551112233,напр. +905551112233,,
profil,profilYuklenemedi,,Profil yüklenemedi.,Не удалось загрузить профиль.,,
rapor,raporAidat,,Aidat,Взносы,,
rapor,raporAidatKayitYok,,Bu dönem için tahakkuk/ödeme kaydı yok.,За этот период нет начислений и платежей.,,
rapor,raporAyBaslik,"ay,yil",{ay} {yil},{ay} {yil},,
rapor,raporBaslik,,Aylık raporlar,Месячные отчёты,,
rapor,raporGorevTamamlama,,Görev tamamlama,Выполнение задач,,
rapor,raporGorevYok,,Bu ay görev tamamlaması yok.,В этом месяце задачи не выполнялись.,,
rapor,raporKalanBakiye,,Kalan bakiye,Остаток,,
rapor,raporOncekiAy,,Önceki ay,Предыдущий месяц,,
rapor,raporPencereYok,,Bu ay planlanmış devriye penceresi yok.,В этом месяце обходы не планировались.,,
rapor,raporPlanlananPencere,,Planlanan pencere,Запланированные окна,,
rapor,raporSonTamamlamalar,,Son tamamlamalar (ilk 10),Последние выполнения (первые 10),,
rapor,raporSonrakiAy,,Sonraki ay,Следующий месяц,,
rapor,raporTahakkukDaire,n,Tahakkuk ({n} daire),"{n, plural, one{Начислено ({n} квартира)} few{Начислено ({n} квартиры)} many{Начислено ({n} квартир)} other{Начислено ({n} квартир)}}",,
rapor,raporTahsilatOdeme,n,Tahsilat ({n} ödeme),"{n, plural, one{Собрано ({n} платёж)} few{Собрано ({n} платежа)} many{Собрано ({n} платежей)} other{Собрано ({n} платежей)}}",,
rapor,raporTamamlanmaYuzde,,Tamamlanma %{yuzde},Выполнение {yuzde}%,,
rapor,raporToplamTamamlama,,Toplam tamamlama,Всего выполнено,,
rapor,raporYetkiYok,,Aylık raporlar için yetkiniz yok. Bu ekran yönetici rolüne açıktır.,У вас нет прав на месячные отчёты. Этот экран доступен управляющему объектом.,,
rez,rezAcikDuzenle,,Açık · düzenlemek için dokun,Открыто · нажмите для изменения,,
rez,rezAcilis,,Açılış: {saat},Открытие: {saat},,
rez,rezAlanAdi,,Alan adı * (örn. Havuz),Название зоны * (напр. Бассейн),,
rez,rezAlanAdiGerekli,,Alan adı gerekli,Название зоны обязательно,,
rez,rezAlanDuzenle,,Alanı düzenle,Изменить зону,,
rez,rezAlanEklendi,,Ortak alan eklendi ✓,Общая зона добавлена ✓,,
rez,rezAlanEklenemedi,,Alan eklenemedi. Tekrar deneyin.,Не удалось добавить зону. Попробуйте снова.,,
rez,rezAlanGuncellendi,,Alan güncellendi ✓,Зона обновлена ✓,,
rez,rezAlanYokGoruntuleme,,Görüntülenecek ortak alan yok.,Нет общих зон для показа.,,
rez,rezAlanYokSakin,,Rezerve edilebilir alan yok.,Нет зон для бронирования.,,
rez,rezAlanYokYonetim,,"Henüz ortak alan yok. ""Yeni alan"" ile ekleyin.",Общих зон пока нет. Добавьте через «Новая зона».,,
rez,rezAlaniEkle,,Alanı ekle,Добавить зону,,
rez,rezBenimAktif,,Rezervasyonum (aktif),Моя бронь (активна),,
rez,rezBenimGecti,,Rezervasyonum (geçti),Моя бронь (прошла),,
rez,rezBos,,Boş,Свободно,,
rez,rezDetayKisi,,Kişi sayısı: {n},Количество человек: {n},,
rez,rezDetayNot,,Not: {not},Примечание: {not},,
rez,rezDetayRezerve,,Rezerve: {zaman},Забронировано: {zaman},,
rez,rezDetayTarih,"tarih,baslangic,bitis",Tarih: {tarih} · {baslangic}-{bitis},Дата: {tarih} · {baslangic}-{bitis},,
rez,rezDolu,,Dolu,Занято,,
rez,rezDoluBaskasi,,Dolu (başkası),Занято (другим),,
rez,rezDoluDaire,"daire,kisi",Dolu · Daire {daire}{kisi},Занято · Кв. {daire}{kisi},,
rez,rezDurumOnayli,,Onaylı,Подтверждено,,
rez,rezEt,,Rezerve et,Забронировать,,
rez,rezEtBaslik,,{ad} — rezerve et,{ad} — забронировать,,
rez,rezEvetIptalEt,,"Evet, iptal et","Да, отменить",,
rez,rezGonderilemedi,,Gönderilemedi. Tekrar deneyin.,Не удалось отправить. Попробуйте снова.,,
rez,rezIptalEdildi,,İptal edildi,Отменено,,
rez,rezIptalEdildiBildirim,,Rezervasyon iptal edildi,Бронь отменена,,
rez,rezIptalEdilsinMi,,Rezervasyon iptal edilsin mi?,Отменить бронь?,,
rez,rezIptalEt,,İptal et,Отменить,,
rez,rezIptalGonderilemedi,,İptal gönderilemedi. Tekrar deneyin.,Не удалось отправить отмену. Попробуйте снова.,,
rez,rezIptalUyari,,Slot yeniden boşa çıkar; bu işlem geri alınamaz.,Слот снова станет свободным; отменить это нельзя.,,
rez,rezKapaliDuzenle,,Kapalı · düzenlemek için dokun,Закрыто · нажмите для изменения,,
rez,rezKapanis,,Kapanış: {saat},Закрытие: {saat},,
rez,rezKapanisSonra,,Kapanış saati açılıştan sonra olmalı.,Время закрытия должно быть позже времени открытия.,,
rez,rezKisiEki,, · {n} kişi, · {n} чел.,,
rez,rezKisiSayisiEtiket,,Kişi sayısı:,Количество человек:,,
rez,rezMusait,,Müsait: {ozet},Доступно: {ozet},,
rez,rezMusaitOzeti,"acilis,kapanis,dakika",{acilis}–{kapanis} · {dakika} dk slot,{acilis}–{kapanis} · слот {dakika} мин,,
rez,rezMusaitSlotlariGor,,Müsait: {ozet} · dokunup slotları gör,"Доступно: {ozet} · нажмите, чтобы увидеть слоты",,
rez,rezMusaitlikHerGun,,Müsaitlik (her gün),Доступность (каждый день),,
rez,rezOnaylandi,,Rezervasyonunuz onaylandı ✓,Ваша бронь подтверждена ✓,,
rez,rezOrtakAlan,,Ortak alan,Общая зона,,
rez,rezPasifAlan,,Pasif (rezerve edilemez),Неактивно (нельзя бронировать),,
rez,rezSatirOzet,"tarih,baslangic,bitis,kisi",{tarih} · {baslangic}-{bitis} · {kisi} kişi,{tarih} · {baslangic}-{bitis} · {kisi} чел.,,
rez,rezSebepCokErken,,24s içinde açılır,откроется в течение 24 ч,,
rez,rezSebepDolu,,dolu,занято,,
rez,rezSebepGecti,,geçti,прошло,,
rez,rezSebepGunluk,,günlük hakkınız dolu,дневной лимит исчерпан,,
rez,rezSec,,Seç,Выбрать,,
rez,rezSekmeAlanlar,,Alanlar ({n}),Зоны ({n}),,
rez,rezSekmeRezervasyonlar,,Rezervasyonlar ({n}),Брони ({n}),,
rez,rezSizin,,Rezervasyonunuz,Ваша бронь,,
rez,rezSizinGecti,,Rezervasyonunuz (geçti),Ваша бронь (прошла),,
rez,rezSlotAralik,"baslangic,bitis",{baslangic} – {bitis},{baslangic} – {bitis},,
rez,rezSlotDakika,,{n} dakika,{n} минут,,
rez,rezSlotKurali,,Slot yalnızca başlangıcına 24 saatten az kala açılır; günde en fazla bir rezervasyon yapabilirsiniz.,Слот открывается только менее чем за 24 часа до начала; не более одной брони в день.,,
rez,rezSlotUzunlugu,,Slot uzunluğu,Длительность слота,,
rez,rezSlotYok,,Bu alan için tanımlı slot yok.,Для этой зоны слоты не заданы.,,
rez,rezSlotlarYuklenemedi,,Slotlar yüklenemedi. Tekrar deneyin.,Не удалось загрузить слоты. Попробуйте снова.,,
rez,rezTarihEtiket,,Tarih: {tarih},Дата: {tarih},,
rez,rezYeniAlan,,Yeni alan,Новая зона,,
rez,rezYeniOrtakAlan,,Yeni ortak alan,Новая общая зона,,
rez,rezYok,,Rezervasyon yok.,Брони нет.,,
rez,rezYokSakin,,"Rezervasyonunuz yok. ""Alanlar"" sekmesinden bir alan seçip boş bir slotu ayırtın.",У вас нет брони. Выберите зону на вкладке «Зоны» и займите свободный слот.,,
rol,rolAdmin,,Platform Admini,Администратор платформы,,
rol,rolBilinmeyen,,Bilinmeyen rol,Неизвестная роль,,
rol,rolGuvenlik,,Güvenlik,Охрана,,
rol,rolSakin,,Site Sakini,Житель,,
rol,rolTesisGorevlisi,,Tesis Görevlisi,Техник объекта,,
rol,rolYonetici,,Site Yöneticisi,Управляющий объектом,,
sakin,sakinBaslik,,Site Sakinleri,Жители объекта,,
sakin,sakinBosBirakDegismez,,Boş bırakırsanız değişmez,Оставьте пустым — не изменится,,
sakin,sakinBosBirakKod,,Boş bırakırsanız geçici kod üretilir,Оставьте пустым — будет создан временный код,,
sakin,sakinDaireNoZorunlu,,Daire no zorunludur,Номер квартиры обязателен,,
sakin,sakinDaireYok,,Daire atanmamış,Квартира не назначена,,
sakin,sakinDuzenleBaslik,,Sakini düzenle,Изменить жителя,,
sakin,sakinEkle,,Sakin ekle,Добавить жителя,,
sakin,sakinEklendi,,Sakin eklendi ✓,Житель добавлен ✓,,
sakin,sakinEklendiKod,,Sakin eklendi. Bu kodu sakine iletin; telefon + bu kod ile girip parolasını belirler.,Житель добавлен. Передайте ему этот код: он входит по телефону + этому коду и задаёт пароль.,,
sakin,sakinGirisAnahtari,,Giriş anahtarı (global benzersiz).,Ключ входа (глобально уникальный).,,
sakin,sakinGuncellendi,,Güncellendi ✓,Обновлено ✓,,
sakin,sakinIslemleri,,Sakin işlemleri,Действия с жителем,,
sakin,sakinListelenemedi,,Sakinler listelenemedi.,Не удалось загрузить список жителей.,,
sakin,sakinParolaOpsiyonel,,Parola (opsiyonel),Пароль (необязательно),,
sakin,sakinParolaSifirla,,Parola sıfırla,Сбросить пароль,,
sakin,sakinParolaSifirlaGovde,,"""{ad}"" için yeni geçici kod üretilir; eski parolası geçersiz olur. Kullanıcı telefon + yeni kod ile girip parolasını belirler.","Для ""{ad}"" будет создан новый временный код; старый пароль перестанет работать. Пользователь входит по телефону + новому коду и задаёт пароль.",,
sakin,sakinParolaSifirlaOnay,,Parola sıfırlansın mı?,Сбросить пароль?,,
sakin,sakinPasiflestirildi,,"""{ad}"" pasifleştirildi — geçmişi var (numara serbest)","""{ad}"" деактивирован — есть история (номер освобождён)",,
sakin,sakinSifirla,,Sıfırla,Сбросить,,
sakin,sakinSilGovde,,"""{ad}"" silinir. Geçmiş kaydı yoksa tamamen silinir; varsa pasifleşir. Her durumda telefon numarası serbest kalır (aynı numarayla yeniden kayıt yapılabilir).","""{ad}"" будет удалён. Если истории нет — запись удаляется полностью, иначе становится неактивной. В любом случае номер телефона освобождается (его можно зарегистрировать снова).",,
sakin,sakinSilOnay,,Sakini sil?,Удалить жителя?,,
sakin,sakinSilindi,,"""{ad}"" silindi (numara serbest)","""{ad}"" удалён (номер освобождён)",,
sakin,sakinYeniKodMesaji,,"""{ad}"" için yeni geçici kod. Sakine iletin; telefon + bu kod ile girip parolasını belirler.","Новый временный код для ""{ad}"". Передайте его жителю: он входит по телефону + этому коду и задаёт пароль.",,
sakin,sakinYeniTelefon,,Yeni cep telefonu,Новый мобильный номер,,
sakin,sakinYok,,"Henüz site sakini yok.
Sağ alttan ekleyebilirsiniz.","Жителей пока нет.
Добавьте кнопкой справа снизу.",,
sayac,sayacAcik,,{n} Açık,"{n, plural, one{{n} открытая} few{{n} открытые} many{{n} открытых} other{{n} открытых}}",,
sayac,sayacAktif,,{n} Aktif,"{n, plural, one{{n} активная} few{{n} активные} many{{n} активных} other{{n} активных}}",,
sayac,sayacArac,,{n} araç,"{n, plural, one{{n} автомобиль} few{{n} автомобиля} many{{n} автомобилей} other{{n} автомобилей}}",,
sayac,sayacBekleyen,,{n} bekleyen,"{n, plural, one{{n} в очереди} few{{n} в очереди} many{{n} в очереди} other{{n} в очереди}}",,
sayac,sayacBekliyor,,{n} Bekliyor,"{n, plural, one{{n} ожидает} few{{n} ожидают} many{{n} ожидают} other{{n} ожидают}}",,
sayac,sayacDaire,,{n} Daire,"{n, plural, one{{n} квартира} few{{n} квартиры} many{{n} квартир} other{{n} квартир}}",,
sayac,sayacGiris,,{n} Giriş,"{n, plural, one{{n} въезд} few{{n} въезда} many{{n} въездов} other{{n} въездов}}",,
sayac,sayacGorevli,,{n} Görevli,"{n, plural, one{{n} сотрудник} few{{n} сотрудника} many{{n} сотрудников} other{{n} сотрудников}}",,
sayac,sayacIceride,,{n} İçeride,"{n, plural, one{{n} внутри} few{{n} внутри} many{{n} внутри} other{{n} внутри}}",,
sayac,sayacKayit,,{n} Kayıt,"{n, plural, one{{n} запись} few{{n} записи} many{{n} записей} other{{n} записей}}",,
sayac,sayacYaklasan,,{n} Yaklaşan,"{n, plural, one{{n} предстоящее} few{{n} предстоящих} many{{n} предстоящих} other{{n} предстоящих}}",,
sayac,sayacYeni,,{n} Yeni,"{n, plural, one{{n} новая} few{{n} новых} many{{n} новых} other{{n} новых}}",,
sayac,sayacZimmetli,,{n} Zimmetli,"{n, plural, one{{n} на руках} few{{n} на руках} many{{n} на руках} other{{n} на руках}}",,
seffaf,seffafAidatToplama,,Aidat toplama,Сбор взносов,,
seffaf,seffafAyYayinlandi,,Ay yayınlandı.,Месяц опубликован.,,
seffaf,seffafGecikmede,n,Gecikmede {n} daire,"{n, plural, one{{n} квартира просрочена} few{{n} квартиры просрочены} many{{n} квартир просрочено} other{{n} квартир просрочено}}",,
seffaf,seffafGiderDagilimi,,Gider dağılımı,Структура расходов,,
seffaf,seffafGiderYok,,Bu ay gider kaydı yok.,В этом месяце расходов нет.,,
seffaf,seffafNet,,Net,Итого,,
seffaf,seffafOdeyenDaire,"odeyen,toplam",Ödeyen daire: {odeyen}/{toplam},Оплатили квартир: {odeyen}/{toplam},,
seffaf,seffafOncekiAyNet,,Önceki ay net: {tutar},Итого за прошлый месяц: {tutar},,
seffaf,seffafOnizlemeAlt,,Yalnızca yönetim görüyor (önizleme).,Видно только управлению (предпросмотр).,,
seffaf,seffafOnizlemeUyari,,Önizleme — henüz yayınlanmadı.,Предпросмотр — ещё не опубликовано.,,
seffaf,seffafOzetBaslik,,{ay} — Özet,{ay} — сводка,,
seffaf,seffafTahakkukYok,,Bu ay için tahakkuk yok.,За этот месяц начислений нет.,,
seffaf,seffafTahsilatSatir,"tahsilat,tahakkuk,yuzde",Tahsilat: {tahsilat} / {tahakkuk}  (tutar: %{yuzde}),Собрано: {tahsilat} / {tahakkuk}  (сумма: {yuzde}%),,
seffaf,seffafTaslakEki,, • taslak, • черновик,,
seffaf,seffafToplamGelir,,Toplam gelir,Всего доходов,,
seffaf,seffafToplamGider,,Toplam gider,Всего расходов,,
seffaf,seffafVeriYok,,Yönetim henüz özet yayınlamadı.,Управление ещё не опубликовало сводку.,,
seffaf,seffafVeriYokYonetim,,Henüz finansal veri yok. Gelir/gider veya aidat girildiğinde aylar burada listelenir.,Финансовых данных пока нет. Месяцы появятся здесь после ввода доходов/расходов или взносов.,,
seffaf,seffafYayinGeriAlindi,,Yayın geri alındı.,Публикация отозвана.,,
seffaf,seffafYayindaAlt,,Sakinler bu özeti görüyor.,Жители видят эту сводку.,,
seffaf,seffafYayinla,,Bu ayı yayınla,Опубликовать этот месяц,,
seffaf,seffafYuklenemedi,,Yüklenemedi. Lütfen tekrar deneyin.,Не удалось загрузить. Попробуйте снова.,,
sekme,sekmeAnaSayfa,,Ana Sayfa,Главная,,
sekme,sekmeAyarlar,,Ayarlar,Настройки,,
sekme,sekmeBildirimler,,Bildirimler,Уведомления,,
sekme,sekmeBugun,,Bugün,Сегодня,,
sekme,sekmeGecmis,,Geçmiş,История,,
sekme,sekmeRaporlar,,Raporlar,Отчёты,,
sekme,sekmeTaramaGunlugu,,Tarama günlüğü,Журнал сканирований,,
sema,semaAcikSikayet,n,{n} açık şikayet,"{n, plural, one{{n} открытая жалоба} few{{n} открытые жалобы} many{{n} открытых жалоб} other{{n} открытых жалоб}}",,
sema,semaAcikSikayetYok,,Bu daire için açık şikayet yok.,По этой квартире нет открытых жалоб.,,
sema,semaBuDaireSikayetlerim,,Bu daire için şikayetleriniz,Ваши жалобы по этой квартире,,
sema,semaBuDaireyiSikayetEt,,Bu daireyi şikayet et,Пожаловаться на эту квартиру,,
sema,semaDaireEtiket,,Daire {no},Квартира {no},,
sema,semaDaireYok,,Henüz daire yok.,Квартир пока нет.,,
sema,semaGonderilemedi,,Gönderilemedi. Lütfen tekrar deneyin.,Не удалось отправить. Попробуйте снова.,,
sema,semaHaftalikSinir,,Bu daire için bu konuda haftada en fazla 1 şikayet açabilirsiniz.,По этой теме для этой квартиры можно подать не более 1 жалобы в неделю.,,
sema,semaKapatildi,,Kapatıldı,Закрыто,,
sema,semaKendiBlok,,Yalnızca kendi bloğunuzdaki daireleri şikayet edebilirsiniz.,Жаловаться можно только на квартиры в своём блоке.,,
sema,semaSikayetAnonimNot,,Şikayetiniz yönetime iletilir; komşularınıza gösterilmez.,Ваша жалоба поступает руководству; соседям она не показывается.,,
sema,semaSikayetEtBaslik,,Daire {no} — şikayet et,Квартира {no} — жалоба,,
sema,semaSikayetIletildi,,Şikayetiniz iletildi.,Ваша жалоба отправлена.,,
sema,semaSikayetiGonder,,Şikayeti gönder,Отправить жалобу,,
sema,semaSikayetimYok,,Bu daireye şikayetiniz yok.,У вас нет жалоб на эту квартиру.,,
sema,semaSikayetlerYuklenemedi,,Şikayetler yüklenemedi.,Не удалось загрузить жалобы.,,
sema,semaSikayetlerimYuklenemedi,,Şikayetleriniz yüklenemedi.,Не удалось загрузить ваши жалобы.,,
sema,semaYerlesimAciklama,,Bina yerleşimi. Şikayet yoğunluğu yalnızca yönetime gösterilir.,Планировка здания. Плотность жалоб видна только руководству.,,
sema,semaYerlesimGirilmemis,,Haritada yerleşimi girilmemiş,Размещение на карте не задано,,
sema,semaYogunluk,,Yoğunluk:,Плотность:,,
sema,semaYogunlukYonetim,,Şikayet yoğunluğu yalnızca yönetime gösterilir.,Плотность жалоб видна только руководству.,,
sema,semaYonetimeIletildi,,Yönetime iletildi,Отправлено руководству,,
sikayet,sikayetDurumKapandi,,Kapandı,Закрыта,,
sikayet,sikayetSatirBaslik,"daire,kategori",Daire {daire} · {kategori},Кв. {daire} · {kategori},,
sikayet,sikayetYokSakin,,"Henüz şikayet açmadınız.
Şikayet Haritası’ndan bir daire seçip şikayet edebilirsiniz.","Вы ещё не подавали жалоб.
Выберите квартиру на карте жалоб, чтобы подать.",,
sure,sureDakikaSaniye,"dakika,saniye",{dakika} dk {saniye} sn,{dakika} мин {saniye} с,,
sure,sureSaatDakika,"saat,dakika",{saat} sa {dakika} dk,{saat} ч {dakika} мин,,
sure,sureSaniye,,{saniye} sn,{saniye} с,,
talep,talepAcanSakin,,Sakin,Житель,,
talep,talepAcikYok,,Açık talep yok.,Открытых заявок нет.,,
talep,talepAcikYokSakin,,"Açık talebiniz yok. ""Yeni talep"" ile talep/arızanızı iletebilirsiniz.",У вас нет открытых заявок. Через «Новая заявка» можно сообщить о заявке или неисправности.,,
talep,talepAciklamaAlan,,Açıklama,Описание,,
talep,talepAciklamaZorunlu,,Açıklama zorunludur,Описание обязательно,,
talep,talepAtanabilirPersonelYok,,Atanabilir aktif saha personeli yok. Dönüştürmek için önce security/tesis görevlisi ekleyin.,"Нет активных сотрудников для назначения. Чтобы преобразовать, сначала добавьте охрану или техника.",,
talep,talepBaslikAlan,,Başlık,Заголовок,,
talep,talepBaslikZorunlu,,Başlık zorunludur,Заголовок обязателен,,
talep,talepCoz,,Çöz,Решить,,
talep,talepCozBaslik,,Talebi çöz,Решить заявку,,
talep,talepCozNot,,Talep iş emri açmadan doğrudan çözüldü olarak işaretlenir.,"Заявка помечается решённой сразу, без создания наряда.",,
talep,talepCozuldu,,Talep çözüldü ✓,Заявка решена ✓,,
talep,talepCozulenYok,,Henüz çözülen talep yok.,Решённых заявок пока нет.,,
talep,talepCozumNotu,,Çözüm notu (opsiyonel),Примечание к решению (необязательно),,
talep,talepDonustur,,Dönüştür,Преобразовать,,
talep,talepDonusturuluyor,,Dönüştürülüyor...,Преобразование...,,
talep,talepDurumAcik,,Açık,Открыт,,
talep,talepDurumCozuldu,,Çözüldü,Решён,,
talep,talepDurumGecmisi,,Durum geçmişi,История статусов,,
talep,talepDurumIsEmri,,İş Emri,Наряд,,
talep,talepDurumReddedildi,,Reddedildi,Отклонён,,
talep,talepFotoYuklenemedi,,Fotoğraf yüklenemedi.,Не удалось загрузить фото.,,
talep,talepGonder,,Gönder,Отправить,,
talep,talepGorselYuklenemedi,,Görsel yüklenemedi,Не удалось загрузить изображение,,
talep,talepGorseller,,"Görseller (opsiyonel, en fazla 3)","Изображения (необязательно, до 3)",,
talep,talepIletildi,,Talebiniz iletildi ✓,Ваша заявка отправлена ✓,,
talep,talepIsEmri,,İş emri,Наряд,,
talep,talepIsEmriAtandi,,Atandı,Назначен,,
talep,talepIsEmriDurumBilinmiyor,,Durum bilinmiyor,Статус неизвестен,,
talep,talepIsEmriTamamlandi,,Tamamlandı,Завершён,,
talep,talepIsEmriYok,,İş emrine dönüşen talep yok.,"Нет заявок, преобразованных в наряд.",,
talep,talepIsEmrineDonustur,,İş emrine dönüştür,Преобразовать в наряд,,
talep,talepIsEmrineDonusturBuyuk,,İş Emrine Dönüştür,Преобразовать в наряд,,
talep,talepIsEmrineDonusturuldu,,Talep iş emrine dönüştürüldü ✓,Заявка преобразована в наряд ✓,,
talep,talepKategoriOpsiyonel,,Kategori (opsiyonel),Категория (необязательно),,
talep,talepKategoriYok,,"Tanımlı kategori yok; talep ""Diğer"" olarak açılır.",Категории не заданы; заявка будет открыта как «Другое».,,
talep,talepKategorilerYuklenemedi,,Kategoriler yüklenemedi.,Не удалось загрузить категории.,,
talep,talepPersonelAlinamadiKisa,,Personel listesi alınamadı.,Не удалось получить список сотрудников.,,
talep,talepRedBaslik,,Talebi reddet,Отклонить обращение,,
talep,talepReddedildiBildirim,,Talep reddedildi ✓,Заявка отклонена ✓,,
talep,talepReddedilenYok,,Reddedilen talep yok.,Отклонённых заявок нет.,,
talep,talepReddediliyor,,Reddediliyor...,Отклонение...,,
talep,talepReddet,,Reddet,Отклонить,,
talep,talepReddetBaslik,,Talebi reddet,Отклонить заявку,,
talep,talepRetSebebi,,Ret sebebi,Причина отклонения,,
talep,talepRetSebebiNot,,Ret sebebi talebi açan kişiye durum geçmişinde görünür.,Причина отклонения видна заявителю в истории статусов.,,
talep,talepSekmeAcik,,Açık ({n}),Открытые ({n}),,
talep,talepSekmeCozulen,,Çözülen ({n}),Решённые ({n}),,
talep,talepSekmeIsEmri,,İş Emri ({n}),Наряды ({n}),,
talep,talepSekmeReddedilen,,Reddedilen ({n}),Отклонённые ({n}),,
talep,talepYeni,,Yeni talep,Новая заявка,,
talep,talepYeniBaslik,,Yeni talep / arıza,Новая заявка / неисправность,,
talep,talepYoneticiIslemleri,,Yönetici işlemleri,Действия управляющего,,
tesis,tesisAdiAciklama,,Ana ekranın başlığında görünür; tüm kullanıcılar bu adı görür.,Отображается в заголовке главного экрана; его видят все пользователи.,,
tesis,tesisAdiGuncellendi,,Tesis adı güncellendi,Название объекта обновлено,,
tesis,tesisAdiIpucu,,Örn. Örnek Sitesi,напр. ЖК Пример,,
tesis,tesisAdiKisa,,Tesis adı en az 2 karakter olmalı,Название объекта должно содержать минимум 2 символа,,
tesis,tesisKurulumAciklama,,Yönetici olarak ilk girişinizi yaptınız. Devam etmek için sitenizin/tesisinizin adını girin. Bu adı daha sonra ayarlardan değiştirebilirsiniz.,"Вы впервые вошли как управляющий. Чтобы продолжить, введите название объекта; позже его можно изменить в настройках.",,
tesis,tesisKurulumBaslik,,Tesisinizi tanımlayın,Опишите ваш объект,,
tesis,tesisOlustur,,Tesisi oluştur,Создать объект,,
vardiya,vardiyaAtanabilirYok,,Atanabilir personel yok,Нет сотрудников для назначения,,
vardiya,vardiyaBaslik,,Vardiyalar,Смены,,
vardiya,vardiyaPersonelAta,,Personel Ata,Назначить сотрудников,,
vardiya,vardiyaPersonelBaslik,,{ad} — Personel,{ad} — сотрудники,,
vardiya,vardiyaPersonelGuncellendi,,Vardiya personeli güncellendi ✓,Состав смены обновлён ✓,,
vardiya,vardiyaPersonelYuklenemedi,,Personel yüklenemedi.,Не удалось загрузить сотрудников.,,
vardiya,vardiyaSaatAraligi,"baslangic,bitis,gunTipi",{baslangic} - {bitis} • {gunTipi},{baslangic} - {bitis} • {gunTipi},,
vardiya,vardiyaTanimYok,,Vardiya tanımı yok,Смены не заданы,,
vardiya,vardiyaYuklenemedi,,Vardiyalar yüklenemedi.,Не удалось загрузить смены.,,
yon,yonIletisimAlinamadi,,Yönetici bilgileri alınamadı.,Не удалось получить данные управления.,,
yon,yonIletisimAra,,Yöneticiyi Ara,Позвонить управляющему,,
yon,yonIletisimBaslik,,Yönetici İletişim,Контакты управления,,
yon,yonIletisimMail,,Yönetim maili,Почта управления,,
yon,yonIletisimTanimliDegil,,Yönetici iletişim bilgisi tanımlı değil.,Контактные данные управления не заданы.,,
yuzde,yuzdeDeger,,%{oran},{oran} %,,
ziyaret,ziyaretAdAlan,,Ziyaretçi adı *,Имя посетителя *,,
ziyaret,ziyaretAdGerekli,,Ziyaretçi adı gerekli,Имя посетителя обязательно,,
ziyaret,ziyaretBildirilecekSakin,,Bildirilecek sakin *,Кого уведомить *,,
ziyaret,ziyaretBildirilenSakin,,Bildirilen sakin: {ad},Уведомлённый житель: {ad},,
ziyaret,ziyaretBilgileriDuzenle,,Bilgileri düzenle,Изменить данные,,
ziyaret,ziyaretDuzenleAlt,,"Ad, daire, bildirilen sakin ve notu güncelleyebilirsiniz.","Можно изменить имя, квартиру, уведомлённого жителя и примечание.",,
ziyaret,ziyaretDuzenleBaslik,,Ziyaretçi düzenle,Изменить посетителя,,
ziyaret,ziyaretGuncellendi,,Ziyaretçi bilgileri güncellendi ✓,Данные посетителя обновлены ✓,,
ziyaret,ziyaretGuvenligiAra,,Güvenliği ara,Позвонить охране,,
ziyaret,ziyaretKaydedildi,,Ziyaretçi kaydedildi — daire sakinine bildirildi ✓,Посетитель записан — житель уведомлён ✓,,
ziyaret,ziyaretKaydetVeBildir,,Kaydet ve sakine bildir,Сохранить и уведомить жителя,,
ziyaret,ziyaretOnceDaireNo,,Önce daire no girin,Сначала введите номер квартиры,,
ziyaret,ziyaretSakiniAra,,Sakini ara,Позвонить жителю,,
ziyaret,ziyaretSakiniSecin,,Bildirilecek sakini seçin,Выберите жителя для уведомления,,
ziyaret,ziyaretSakinleriGetir,,Sakinleri getir,Загрузить жителей,,
ziyaret,ziyaretYeni,,Yeni ziyaretçi,Новый посетитель,,
ziyaret,ziyaretYeniAlt,,Sakine yalnızca bilgilendirme gider (onay istenmez).,Жителю уходит только уведомление (согласие не запрашивается).,,
ziyaret,ziyaretYokGuvenlik,,Henüz ziyaretçi kaydı yok.,Записей о посетителях пока нет.,,
ziyaret,ziyaretYokSakin,,Size iletilen ziyaretçi kaydı yok.,Вам не передавали записей о посетителях.,,
ziyaretci,ziyaretciDaireSakinYok,,Bu dairede aktif sakin yok,В этой квартире нет активных жильцов,,
